id,imagej_0,imagej_1,imagej_2,imagej_3,hu_0,hu_1,hu_2,hu_3,hu_4,hu_5,hu_6,efd_0,efd_1,efd_2,efd_3,efd_4,efd_5,efd_6,efd_7,efd_8,efd_9,efd_10,efd_11,efd_12,efd_13,efd_14,efd_15,efd_16,efd_17,efd_18,efd_19,efd_20,efd_21,efd_22,efd_23,efd_24,efd_25,efd_26,efd_27,efd_28,efd_29,efd_30,efd_31,skel_0,skel_1,skel_2,skel_3,skel_4,skel_5
UP40,0.5271254742872369,2.4281430690767,0.33751882825205903,0.8116638343890005,2.9660069761473826,6.229531877673229,9.434679216175347,10.072290264265261,19.825892159301286,13.187143500312358,21.45983066445953,0.9872193114701516,4.531302116601387,-0.15936759727246896,-3.510242870861562,-0.7117403826629747,2.384485994514265,-0.8757541846632134,-0.6623234799638057,-0.04839403588593503,0.42245554338985597,-0.37965140471394915,-0.2899215428731678,0.46619090946450087,-0.06816516007051485,0.13116458558586502,-0.03267279863092692,0.17322592803396758,-0.10313928894396707,0.17092617151832143,0.08706295257661616,-0.14465779288380898,-0.17614513971197315,0.06491314924710287,0.015507877479536756,-0.1830960712262708,-0.09716557719047601,0.011525651952347997,-0.014509721406493663,-0.08769661548950901,-0.0061403556127256915,-0.01736565412545301,0.005708062086742035,806.0,46.13566374137423,0.4412210405947135,82.85529554590944,1.0,0.04094292803970223
so31,0.4464377973449726,2.8913943391519497,0.2763828438614476,0.7349214065791606,2.898192449177331,6.005176901663721,9.35738587525625,9.932151393916737,19.577062663871892,12.935031474954421,-21.168254885622503,-0.9959961017256378,1.5754980703995154,-0.08939667414022127,1.819696247912684,-0.39183764598171034,1.1727292204432678,-0.21454824563312236,0.1514375468700513,-0.09241996954288079,0.5049186925948278,-0.22955236855759448,-0.17828840426265924,-0.009695220280052971,0.023427851233913614,-0.1055691851950562,-0.1297735467175765,0.04628654802339211,-0.1895803908283221,-0.019991203354142024,0.019667645899276085,0.07221294630577982,-0.15319255026491205,0.023890732193597334,0.06861086566007676,0.05173306300454953,-0.025306945057792858,0.037819439845801495,0.049257541353387606,0.00035286799850460407,0.058392282235182724,0.015941209353796035,-0.003329991634328689,728.0,37.23308931371956,0.5062864263303261,69.28924880528002,1.0,0.027472527472527472
NF40,0.40367913723120435,2.450210194350875,0.3147686805109971,0.7385846323630846,2.9368312498047495,6.165743470297452,9.315376020264475,9.93912948165686,19.56673006364617,13.022258996400737,-20.964249122184484,-0.4307455920822774,1.7499568311920926,0.9024733984454546,1.2383274306583532,0.4135512058559373,1.0348169839063384,-0.4407465393202278,-0.257820989596042,0.15162749073761664,0.2823622683758619,-0.5277472533772335,0.08802738491061902,-0.1802184562577741,0.00898752439812388,0.033805483771123836,0.17757694161473678,-0.16026148158076164,-0.06533311427640338,0.17905463349445933,-0.08928180424082172,-0.04708394224532231,-0.09701934815007807,-0.022483351958776873,-0.12642971713967185,0.014613320809205431,-0.04466984301068688,-0.07707126170704609,0.03744582739304337,0.0709227520864743,0.00470494848242847,0.025853804636348617,0.0648036789810593,704.0,38.50947646837183,0.49543014735574864,72.89718787443039,1.0,0.029829545454545456
110,0.4673606577648655,3.4286552176045046,0.2544785238570652,0.847370001716149,2.8759453115856535,5.900022151979824,9.512540781981262,9.941133698371653,19.667972712445383,12.8911469238266,-22.211884750226996,0.5914390120655286,0.8252544989980256,-0.8063497349208665,-1.0260129952004489,0.8176706754578866,0.29186148280540064,-0.49458519038663223,-0.005194827068382419,0.6242808493489295,0.09996864878729857,-0.06431000543396502,0.19163896348494264,0.19760938986603796,-0.1836369143608865,0.06650027577254662,0.12172692304838002,0.06904549440759687,-0.12491255577393431,0.06391452327720526,0.0009045780356699098,-0.0537092351711735,0.08941304767874758,0.014650145930013478,-0.016160784318995595,0.002179649423741575,0.08464261855811454,-0.013370231072502781,0.006335528979867035,0.10296058851052531,0.06077869203385876,-0.007390086041442504,0.017838848457622306,454.0,44.91912616397564,0.22055205162494762,63.324560795950255,14.0,0.0
Le1-2,0.4135242961972135,2.239625483523387,0.3567956848604624,0.7542127801568322,2.979218219833735,6.309470272995803,9.552206917337672,10.52581672226478,20.56579333523214,13.68141863187645,21.741470808562138,0.07439939330034528,1.9129680595598608,0.9972285246003247,-1.476961276080958,-0.5967931799461114,1.1901321903452378,-0.3603176994295234,0.16397398430774895,-0.2314447746844759,0.14003930250953842,-0.4593899051606626,-0.2434484814589896,0.2098029363981348,0.011681337094109899,0.05058703747367076,-0.20261737024432794,0.15686772674223234,0.05068155189296235,0.1252801692413342,0.10974209325699236,0.05555679392215855,-0.0479315859173826,-0.04241766258302242,0.1107873942658126,0.015311829591877659,-0.05775946988525496,-0.04868877072154684,-0.02598527394188525,-0.037108108568183,-0.04045479029410128,0.028054001413516976,-0.04647435778243123,673.0,43.435414525089236,0.48003801307443783,69.07966415668217,1.0,0.0
28,0.5894906796287543,1.8076299686339927,0.4665505859701187,0.8673849088539918,3.058691663144709,6.666631108224229,9.544137045851649,10.481797970411574,20.49486779615295,13.815371087956917,-22.158218600127103,0.013922644936783413,-0.5977134345176881,0.9999030752817816,0.01172052819517247,-0.01012249537405089,0.18160451218210588,0.1132302431559852,0.0031863962339901734,0.006021489462410254,-0.09601798854899474,0.05516150155504826,0.0016740714151305704,0.001635321818287752,-0.03888223963824547,0.04147645106207917,0.0019241676879744923,-0.005478553498347231,0.018109308083397977,0.009169233599978368,0.0002043958615645759,0.0038761997055561026,-0.029372497410233664,0.016288557226655287,0.0028684603828527467,0.001543790960593946,-0.010429611172431082,0.005774616711241282,1.5641884661757314e-05,-0.002154136247369577,0.006476853790069225,0.0023390410041830892,0.0002710175526601935,509.0,64.62989205430611,0.3388933192909518,103.09219175087898,1.0,0.07269155206286837
Wi8,0.5479469765413567,2.268767416325152,0.3784733447022045,0.8564043284205118,3.0066804923160806,6.355198516416328,9.48928318243492,10.083009175526467,19.870650834056985,13.263219912688443,-20.95088958367478,-0.8532883787479871,2.7231815788431137,-0.5214392991457697,1.845715938074328,-0.07491794081629928,1.308957408670931,-0.5832298260250859,0.2720551877841284,-0.09825165954417471,0.4587684410812456,-0.2374125190310083,-0.08112828661081822,-0.10275159613001537,-0.04400058059876962,0.020912804930236346,-0.09403395962107834,-0.001140245331977376,-0.23769898551340274,0.08037477660516922,8.315972501926666e-05,0.0756664978224264,-0.1772669386079792,0.04263455716596656,0.033891266121551994,0.08483576834790137,-0.016400581258211255,8.454363549760389e-06,0.012761384792003762,0.015392533659695642,0.10944904691889858,-0.004320563756711826,-0.02373256338709776,2063.0,40.32264869408581,0.5838231369093407,93.47726996441435,1.0,0.23606398448860882
Killaha1,0.5591699142638284,1.8955091795913404,0.4376678482577602,0.8344321366608835,3.0402542771490837,6.57710296824147,9.47536887722616,10.299208760641774,20.18723403811283,13.589589459054713,21.421668712134103,-0.942606706215335,4.51299152744298,-0.3339050724350817,3.003820271709573,0.33102293676054445,2.1896965150612417,-0.8073139635186992,0.511992121651781,-0.006875912676183284,0.7484932101984882,-0.38277026253897006,-0.025735989868027484,-0.1812183580013552,-0.1472634291913366,-0.03931633194372443,-0.0681932973692334,-0.1559517162706558,-0.38039032708558834,0.11457329807372167,0.007994622865129327,-0.008714287499641753,-0.22137036480020664,0.10118372212612685,0.01671371209607145,0.1127131633080144,0.023740975745677056,0.03572884157462258,0.0026415975729514574,0.10710219158948188,0.11134964553090815,-0.002487465100400503,-0.006722617949045549,1828.0,47.09828969226448,0.5583242529622225,100.56838469419701,1.0,0.21827133479212255
370,0.4858284487561076,2.8431965942429867,0.3064243740713526,0.8151763545457638,2.9414211526489855,6.098845744867766,9.72558950450459,10.326897816387534,20.35326069475602,13.376573000589312,21.98340746626721,0.10886138077586112,-0.4349326259351276,0.994056939906147,0.23061055943424721,-0.036098442764984334,0.08820116981813052,0.09647166338392014,0.038412819661799484,0.07886796972930164,-0.11626839902827332,0.052751165115958815,0.037382730367385944,-0.004485362270308373,-0.0013704508899780167,0.0023275747888487947,0.002559811904770542,0.0022249694595389284,-0.0004017043060712592,0.01098287788229509,0.026059019096895775,0.03476410173285522,-0.012549798990019477,0.0025842679208951075,0.006955775783031989,-0.0023892715585029866,0.0008345829631148417,-0.003087351968487114,-0.008720871216151548,-0.0005842950240036271,0.001544639558677594,-0.0002384819554342193,0.012295620779720714,983.0,35.975398691569836,0.5534305064989729,68.42514157822401,1.0,0.16581892166836215
Killaha3,0.5296854042551011,2.035652455913851,0.39650911394807936,0.8156157170812743,3.0101195794058153,6.447888795019932,9.355692998861295,10.10025129184808,19.828225178915073,13.324197649938958,-22.37611325552264,0.933547002662258,1.2707265769434308,-0.358455009478615,-1.0216485078198245,0.41980075968232694,0.74129347953821,-0.355068690655188,-0.05992056252171668,0.2836686939122958,0.2459349278054929,-0.11596841336728918,0.10149528489003744,0.0683944601573977,-0.003550038385269489,-0.005847906616483018,0.07041313671850082,-0.06870879837555098,-0.052249606908931955,0.014126703823919663,0.0015359727773497998,-0.11367140603111907,-0.0012342284297581425,-0.005316373955801661,-0.031195174732157185,-0.055393558517824744,0.03910461545844271,-0.013507340983731492,-0.018349465745662624,0.009321102279938341,0.02618343149207078,-0.00930812987562876,-0.00890059420105327,1556.0,41.733861887370665,0.572127982401209,95.2732911156112,1.0,0.2191516709511568
Clipboard,0.6239190111406641,2.15017067734445,0.418901578157173,0.8699091791854686,3.0428217591257205,6.46742306951654,9.829633540803169,10.507902650670475,20.67668067234257,13.74180031174439,22.846667147736422,0.16377527113268597,3.140078682118003,-0.9864976738773464,-2.0564678724892635,-0.5012893461052836,1.9074917003466532,-0.8092320660948868,0.05376625471767923,0.1038264604367186,0.5441687302005224,-0.1800967342309551,0.2552071884652361,0.3476371232444933,-0.2819760249252014,0.13025835900429997,0.05295891680004841,0.14591782105699955,-0.3152566099430391,0.08097706267647428,-0.03697762810111945,-0.05262584891214662,-0.12979591845017233,-0.02636217109301665,-0.01960928090593811,-0.1226031942187578,0.04265520960882496,-0.04496809608748857,0.019597985342467063,-0.038782351469878455,0.09815280035180873,-0.0028679260748327344,0.015978822318708445,662.0,59.857307706277076,0.4355387327139373,101.59232254457027,1.0,0.08157099697885196
Killaha2,0.567291435584913,1.787770774788583,0.47244876727023744,0.8634898896318376,3.0618800824262675,6.686143011144018,9.55384848114143,10.507800647562862,20.538645708171057,13.850977379346551,-22.551175348851107,-0.891957865952328,4.814685793200461,0.45211853021720855,-3.0346381654550107,-1.2520563398664792,1.4754344471099414,-0.20039306880605043,-0.7874638117514179,-0.19463654307885056,0.20298677131624426,-0.161880515709808,-0.20953803623951858,0.4122852125027217,0.02111738390701197,-0.035960120090083036,0.04047368661931794,0.32896599550559924,0.054583470559296424,-0.013815734095721618,0.1207405112161941,0.07332239800576927,-0.04323265932906056,-0.02531945685903623,0.06866008276592106,-0.056365719247295776,-0.11075205862937289,-0.01952254840224791,0.00015637788013412118,-0.04625828519082728,-0.09270287007341708,0.023174193794994472,-0.014161359315818937,1533.0,45.287881836599986,0.6176011493782212,102.69371937952194,1.0,0.2602739726027397
89,0.3754465960363636,2.982201046626708,0.23827467490871176,0.644009818671312,2.836550795368018,5.869261766883618,9.053105604103397,9.57358376519318,18.886937010681844,12.508215113133135,-21.089051688375694,0.9975604064186587,1.053682419421319,0.06980856355663234,-1.7495747171864537,0.3327994222767769,1.079775923258467,-0.1088370350317365,0.035184122995042505,0.1961506150072366,0.5684087227215104,-0.11942557407221836,0.3157215731840905,0.10813212212117877,0.05394616365967909,-0.1082933962774748,0.1682530585712452,-0.04625302564152164,-0.1700504470801336,-0.08648739219708798,-0.019937711338068306,-0.11141244421831754,-0.12018439329937493,-0.03563783065394513,-0.09726753694264964,-0.07633836747278545,-0.008522068569888259,0.017220303898792155,-0.06873855869862835,0.0008326009312662536,0.035614632050180776,0.04903177033829285,-0.009828877523026639,700.0,35.64597334868232,0.4095535199177089,65.29931086925804,1.0,0.06428571428571428
Ca29,0.40253348825668256,2.6704161183289825,0.27689662829230743,0.6788289040326619,2.891075102928974,6.027371235898786,9.202270742277674,9.78893877971165,19.28477218650669,12.80287010569651,20.773453396922292,0.8810981772127402,1.084289156596918,0.4729334013499012,-1.1319062844623098,0.11837267982311464,0.9256824967704812,-0.04669133285864585,0.1755183808482986,-0.02557817355062584,0.34806544743101264,-0.25176842651047504,0.21203860801327118,0.03922454648328823,-0.07063311343506476,-0.15283061539310994,0.016788869447438175,0.0352886400823344,-0.1650738342841402,0.016206363457383872,-0.07566316290956857,-0.02266054713400397,-0.07780202006169284,0.06971734623887144,-0.03269843174909218,-0.03647381988761977,0.003004715874237727,0.042412254670708936,0.027579357654005873,-0.028936469133974494,0.045704472083094715,-0.0016068379881109876,0.03198630577057451,657.0,39.71240393217819,0.40295632043846935,68.8839603971781,1.0,0.0273972602739726
NF27,0.42613960508121185,2.4833555685917714,0.29091125008849417,0.6863385005892485,2.9042476442162477,6.09269059986256,9.074799482469865,9.63455639941562,18.989242738007363,12.680911007496446,21.19553683786192,-0.0004838049954052956,-0.4613654007534636,0.9999998829663563,-0.009395636388064727,0.00205249285614709,0.18330877166062556,0.14334508597941598,-0.005688792460822662,0.0011572681350873497,-0.14939238217130968,0.0885273910097312,-0.0012863163973618364,0.00033511844192323783,-0.03748266017403339,-0.002677547861399644,-0.0013085231823085645,0.0005669539469949327,0.02100959419686929,0.027308512469079962,-0.003465140641609269,-0.0011536557886531642,-0.039288787157819305,0.020303435750459644,-0.000815441958799863,-0.0010105566494321757,-0.013287350049941889,-0.012227113884036833,0.000649518076817492,0.00016815026808253636,0.007937543024455533,0.009930429716045616,-0.0018038111594182026,763.0,38.606754985778196,0.4489651327136524,74.62573282722254,1.0,0.11140235910878113
Sx5,0.44201255496176706,2.6635952704881105,0.2835962832778497,0.7280397577462088,2.9011841581168483,6.048863765462904,9.131439898108662,9.663734392731126,19.061572156284413,12.688747987740252,20.53031774746728,-0.5747223704372406,0.9230117329687176,-0.8183484569051249,1.4665845171262215,-0.6172827881827353,0.9781702967554391,-0.3218237234377668,-0.1995356146868032,-0.4669626814042803,0.3945327531209999,0.04233404204177678,-0.3162495683780131,-0.11226229235488834,-0.04072527386683768,0.027851110708616945,-0.07928875612045315,0.15660862256677294,-0.10308975298337598,-0.08175209829663589,0.033765532187161273,0.16619354611601606,0.0074274851532487715,-0.09405158191946558,0.006827284340805594,0.03816564612993768,0.041846767102126946,-0.009045199408801143,0.009759959147539571,-0.0356878767022338,-0.0019851736466817726,0.03611842709274976,0.03130406418830583,722.0,39.738158096714464,0.4383235333556736,74.24284477308234,1.0,0.11080332409972299
77,0.482660924832468,2.874432161382318,0.3020046259866827,0.8202187154917536,2.936146098267586,6.083579956722445,9.648091935527098,10.25217706650335,20.202425854067922,13.294047023143868,21.841748305970015,0.039653450183936435,-0.4292519997746135,0.9992134926473472,0.11145352811964418,-0.016963525621857368,0.09756279423479255,0.09855706293575628,0.026904315732706997,0.04094808357650545,-0.12460554791413118,0.05104904347581417,0.014554318723179551,-0.007388720933216753,0.015777223380451243,0.014788668715585106,0.009942611272904266,0.0049918533853964085,-0.007340211290612124,0.02437960478027494,0.014645095227208927,0.0218849782627155,-0.028770532023243523,0.0030801412921612225,0.0030393484574827868,-0.010072526722471553,0.010481846265637354,0.00017319358299594428,0.00042679470101750753,0.009123490730394913,-0.005759494073336934,0.007787609694697961,0.01123990817598161,1059.0,36.81914228938772,0.5016636197480576,66.70832032063167,1.0,0.13786591123701605
362,0.5168255154540768,2.547721663665234,0.32110891881082076,0.8121843843066165,2.950173203667796,6.170127942424746,9.362504008896359,9.915623601176687,19.554688228497362,13.000690249519685,-22.265554015065476,0.8830638135908544,2.234165224915999,-0.4692529180797673,-1.8194531728622088,0.10820898241028748,1.3861520692582598,-0.6414676900439683,-0.10785215258104934,0.05976854024244171,0.35988888184538353,-0.3802968655148409,0.07353379817967863,0.18439020965625388,-0.1764088521783701,-0.03355939521904502,0.005655557541651061,0.0975227123329383,-0.20558622438962235,0.08832596622355372,-0.00569756216182796,-0.056258604996855255,-0.04483568300151116,0.02971572561108429,0.006954883313876099,-0.09780194832454084,0.0433370130411014,-0.03467372000061306,-0.0131025720564165,-0.03398330488769708,0.06856268436808045,-0.03029245412005509,-0.019894859959728558,655.0,45.86195669694352,0.43924736655216823,81.0,1.0,0.06870229007633588
Killaha4,0.6231398103189247,1.6449509658168127,0.5364695158672368,0.9314352422336079,3.098711566784094,6.8713133679035785,9.739570354235465,10.797960889673893,21.06708493737197,14.234032583974962,-22.458083260333826,0.6013999453737454,5.492018692397594,-0.7989481245390443,3.531433290455274,0.9001494670963305,2.2195449396695817,-0.8575635166132216,0.8230624793757289,-0.01861066347573714,0.7050776148032739,-0.277833541300523,0.12369453390021842,-0.3662143804843027,-0.05209451668198954,-0.0006776242012642806,-0.08329801196532599,-0.2959038826701823,-0.26179854086172405,0.06698219831543617,-0.06403981107770917,-0.06358538716418369,-0.20138291930270022,0.010791773140066041,-0.017088471801365357,0.07380542748432994,-0.07532048729793107,-0.023150103112006406,-0.0010469107831349415,0.11278075046659762,0.0034250420552268557,-0.020457684621060967,0.011554116240233551,2727.0,43.317408164470386,0.6577842762946471,114.23221962301179,1.0,0.2973964063072974
2 fig 76,0.4843855123268379,2.7035585709738426,0.3085243123315215,0.7934708128038633,2.9393502775511333,6.11786943148251,9.542210530699116,10.13237751635353,19.97031409134678,13.192337203327307,-21.23441593450596,-0.9900170124353488,2.6370701300594637,0.14094791622647906,2.54052366226811,-0.08818414106310832,2.0812855750061816,-0.5964746568252272,-0.23184776811139737,0.061691236879891476,0.692731185827666,-0.6721250919018544,-0.27381617959854243,-0.1659903167680745,-0.19163741893700012,-0.20284866173101862,0.08702609036497619,-0.2657703615608744,-0.3113115245371156,0.199457566592606,0.10655590559368765,0.0014947669688322774,-0.12638236699577188,0.14989666589355957,-0.04580080782665565,0.16124082277848084,0.025386987209171555,-0.04176522899652137,-0.08064417981351564,0.1132982843111525,0.06071328586928609,-0.09326458761215249,0.0065447201103141185,633.0,44.758434675591275,0.3923375426076173,72.47068372797375,1.0,0.0
Hb8,0.4619001234534037,2.741519476028223,0.3035858189519935,0.7749340627136857,2.9337821626285687,6.100075701091921,9.57059828455714,10.158040725529007,20.02294614508092,13.208885476399812,21.3071131535447,0.9532716785229952,2.272640628626993,0.30211439377486,-3.2786473864179815,0.23062068842417904,2.8623386011521452,-0.4110862260775219,0.6747125328739336,-0.10601871748118372,1.2487478380380976,-0.7745901226705834,0.7446664393031132,0.24786774229083694,-0.18484679326926917,-0.29479475326135895,-0.02319417198566463,0.31951633469679225,-0.4874428005115351,0.1316555205435487,-0.30934458972470846,0.09369834027241745,-0.20721081660581647,0.2135443885273655,-0.06389133325530834,-0.12492196291615033,-0.04243173568468305,0.029669591808368978,0.09842947296902065,-0.12353775386898487,0.08480070190497421,-0.11868318944658478,0.12471237020467063,955.0,35.94946925292762,0.5340077799809313,71.28113354878694,1.0,0.11832460732984293
2,0.6256074291819649,2.155823012872162,0.41743652277830534,0.8708069552264459,3.0417048530458946,6.463125439573384,9.822728247680253,10.49810447758214,20.65853102882029,13.729851296542352,22.822845688002285,0.07133600748430893,-0.5338076923884981,0.9974523417367863,0.13448073709611943,-0.033500844720019955,0.11258689749446339,0.049057579403005064,0.021867958795828108,0.04877940213279013,-0.09743880416643297,0.06584909641974751,0.02478594868792275,0.022913181416943176,-0.04107809752901678,0.006119710421663712,0.007444164405995668,-0.0022405747353999375,-0.001818311705710738,0.0018227205112006468,0.0017558294400799894,0.019798378462016947,-0.011917473989384732,0.0016289182325816066,0.002752558516294791,0.010980404322817737,-0.009289803776643216,-0.0033438636703726024,-0.005081734879263799,-0.006090599567083157,0.0031262100142961996,-0.0011148879339875927,-0.0048306639871187355,251.0,70.63156164152596,0.1877200511589017,101.6366075781753,47.0,0.01593625498007968
93,0.5075080626721671,2.1796797743948404,0.365839448146029,0.7740671323905265,2.9860823028253387,6.34335689695824,9.394801175335799,10.077774347150505,19.814358912217774,13.250404048804027,21.246352905103432,-0.9250579604473963,5.7507385408284195,0.3798259730625372,3.7082385998863305,1.2689389718212594,3.2411404076816823,-1.4844920070782845,-0.13607531033176123,0.2080679194669185,0.30032748817635535,-0.9338043175230344,0.18812410636212049,-0.8088173876870862,-0.1985104521987512,0.17218141958978134,0.053016354353597146,-0.43810229866007644,-0.14775657757170926,0.2627365459001512,-0.21987819010466447,0.1153257514542144,-0.1998551160746779,-0.06629591087920332,-0.06850091493671726,0.24646761364032405,-0.15457470623057762,-0.09945667845113955,0.14326193048330557,0.1302101184402659,0.023032533742097076,0.021856455308240586,0.07683455928217871,543.0,52.61130863119917,0.32969331428621496,84.21995013059554,4.0,0.01841620626151013
87,0.47645924101690335,2.5950441562146236,0.3028856254174512,0.7675269712422382,2.926899770943789,6.113682543918246,9.218599634583926,9.736158339974727,19.213783921859324,12.793464855059344,20.68604598503735,-0.0012726119843304645,0.42697485967487203,-0.9999991902290407,-0.041040208962153095,-0.0059635084758243384,0.14892599422137795,0.10042390694137687,0.013324624271555296,-0.016020239151562105,0.13424959649760052,-0.08496104311872746,-0.009514032622381494,0.0030919058868101507,-0.013671193834024695,0.004014238669254618,0.0021362923626075457,-0.0005169127995750687,-0.016568214250851976,-0.026459853414413217,-0.005920185499925188,0.007086344393208698,-0.03345033943745078,0.01894201853595487,0.003354711750315049,-0.0014425725042792412,0.0069307982370220254,0.0050095332499617345,0.0007433472891449379,-0.00015697409048458209,0.004394739546282744,0.01002703800134455,0.0036695649179306067,485.0,47.97105227413048,0.31066967544102286,76.92203845452875,4.0,0.08453608247422681
91,0.4715052032562729,2.488032549850008,0.30608728000518765,0.7496096276083973,2.926560070731735,6.136228963462593,9.197489162594456,9.783454616971563,19.273940870008055,12.851569853038047,21.363684433682224,0.9792167576821308,1.9142224045769645,-0.20281652170002154,-1.8331166410188007,0.21918532062956356,1.466124967992422,-0.442138600740631,0.03288323203059104,-0.03714527867573695,0.4199457615791917,-0.35008453658941846,0.14992288693893693,0.09136945550445474,-0.16469868404878674,-0.051119578604111364,-0.006717930885051059,0.06733869008140161,-0.2115829839785333,0.09058538355830348,-0.049090996262848456,-0.053240994754538834,-0.09273109771950665,0.05442213429372047,-0.02612789729860377,-0.07827148031909348,0.02620605672843923,-0.0030614875493084315,-0.00034871729193552655,-0.021620314201960603,0.08465461429251796,-0.00933398780170011,0.011348882201037892,477.0,50.375970359008576,0.24236156891404817,74.88658090739622,13.0,0.014675052410901468
85,0.4203911410895894,2.534915545174609,0.28212758079492295,0.6779311390869104,2.893379516461698,6.059318103812069,9.034846742315848,9.57486699325455,18.87972417745334,12.604535301954902,21.797973614486764,0.04398718596614652,-0.4524395948313157,0.9990320953156508,0.12395244240609325,-0.046146526366894376,0.17954568186738884,0.1391442924831075,0.038435089965068926,0.05087758758079603,-0.14468061396145773,0.08175874917261286,0.03144915896540086,0.014109580653098395,-0.02891365654389065,-0.001877198773909355,-0.0003986667351245932,-0.00940796667523334,0.014629404703852326,0.02408826758045335,0.01865071273203492,0.027119441481344264,-0.032459744316297175,0.01389178051921363,0.012032622147045252,0.008359688580943396,-0.00681681638560504,-0.008142329971538421,-0.009564791430278554,-0.004979590561559717,0.0038839752860655064,0.005573320567366068,0.011187344009095632,517.0,43.98993051039725,0.32398213295812495,73.57309290766564,10.770329614269007,0.13926499032882012
90,0.4822147990454299,2.273165910184155,0.32790641087135397,0.745375890427711,2.944668325544868,6.229818400058216,9.124523512683924,9.676663132398115,19.07727445664792,12.791612963299762,21.117985747625347,0.9778628931349946,1.6668369093149775,-0.2092466540465062,-1.2818901948942527,0.0813115538565818,1.1640930660025572,-0.479575296914886,0.13053298645846254,0.025380654540382918,0.23083374671434995,-0.2786839683702851,0.12878722020534095,0.1295122959989887,-0.17205687818641013,0.005411031116546803,-0.01115983460680045,0.03942356603661469,-0.16408374507919,0.08130336230733677,-0.03647376506271747,-0.06592122676397803,-0.047469215789022925,0.016783848941217157,-0.009060532731418693,-0.05964841484380226,0.05917478778222606,-0.030184558970687895,0.016473838606017817,0.002435612658208879,0.07448805433833237,-0.01754004377473887,0.0161380608381899,542.0,49.68791032093672,0.3575032715184581,82.46211251235322,1.0,0.16420664206642066
426,0.49505051365177105,2.1026699863294316,0.3562772482616381,0.7460232905698347,2.9689832473004447,6.337798453585363,9.135542900721594,9.661400007624783,19.05987746776682,12.830304234415804,21.338960084931728,-0.995602174516444,1.4175352751318742,-0.09368196250147821,0.7709694452683207,-0.0032045605880801097,0.7198626303579959,-0.33249220006523234,0.006274342147773953,-0.009419223918972831,0.07513368350080338,-0.17287486130326007,-0.02619221297133912,-0.08477359070694462,-0.10095883872780177,0.010633719154944175,-0.03361691115694018,0.010036156383392315,-0.1048927378451587,0.03211357035186159,-0.01402537979377377,0.04233686006136769,-0.028596112190212866,0.022063813072825855,0.007498960435757573,0.021042841204602255,0.06245939722706601,-0.0007857017656845741,0.003104753080184045,-0.0008230324898935747,0.04211775242548422,-0.006503916371068577,9.84493295152196e-05,852.0,45.428962651064644,0.5091968263836976,91.48223871331527,1.0,0.2734741784037559
94,0.4346499349017761,2.6309681155563065,0.29135654194397986,0.7039605602376034,2.911571521611202,6.075876164120847,9.243051703675077,9.826197621773153,19.360843314960327,12.864223155075305,-21.367785539786343,-0.9892772862127619,1.4892836682333896,0.14604948128464323,1.7924464459933778,-0.19885618031080954,1.2733297502652734,-0.18500220299346887,-0.0724882534391099,-0.10277015841046579,0.594058972003247,-0.22023123661859076,-0.32547978169005615,-0.06579864359448907,-0.02773222653173779,-0.1504297707785425,-0.11830313795138989,0.029761738045101658,-0.23899724576222964,-0.043723740653362986,0.07500290369458584,0.06892811391815387,-0.15062867845029507,0.04086107732887067,0.11495545603100513,0.04610416266731148,0.0064583260793351005,0.060540814447120415,0.036752174484481655,-0.0020800153150325987,0.05934685319679414,0.035137684551152036,-0.029687274032983157,565.0,43.425168027466,0.38389309914184966,74.73285756613352,7.0,0.0743362831858407
42,0.44367267301742375,2.4973902986728604,0.2992230736517244,0.7520054616828811,2.9171618944377324,6.1152776975042675,8.98590896418475,9.474064557246862,18.704058569849053,12.531703422297959,20.94220660603363,-0.9238945701522168,1.022980948531444,-0.3826471262707337,0.9993360775020245,-0.41839807806220564,0.44271369749529066,-0.35463840604691327,0.15332349966498393,-0.28239451867679116,0.1704051905190493,-0.1408635075570329,-0.06874163854672312,-0.12781484013827113,0.004855889200814793,-0.005913881613794482,-0.058132394733028475,0.014175037193884254,-0.014341247818024089,0.021229766055422792,-0.005189120930602388,0.06621993588083518,0.03030588732507003,-0.0007401107290038923,0.019842279103828596,0.04330363354606158,0.060888923880037,-0.02042510678756028,0.011046353122207234,-0.0012480745869180674,0.04381040444565207,-0.016932701139267974,-0.004552810995823506,554.0,41.77859862337751,0.4601674626896097,79.7057087039567,1.0,0.24368231046931407
81,0.46596328261032705,3.151214619343913,0.2730902880122036,0.7620944502830796,2.900386000996331,5.976306674781956,9.721581537622987,10.299375994499115,20.30986144182845,13.287532488140148,-22.565805803497394,0.6595621817815284,1.2099506955543113,-0.751650003900479,-2.1090281618244973,0.7268973845115224,1.12390778603181,-0.33512657057679524,-0.10565027538175674,0.5307503158231631,0.619019032040664,-0.018620376619857406,0.29703842679425757,0.1970287988124629,0.10595098327545406,0.08233545732081729,0.18737942776730035,-0.10401710479790534,-0.11872384226248422,0.016804139716638723,0.02513055937961298,-0.21056188729102174,-0.05911186084098168,-0.06194837286697182,-0.02189668568462352,-0.14196482218105863,0.03723335339516346,-0.07199382176991624,-0.01324871987539695,-0.011568236517247341,0.0511268869404143,-0.027449164315597095,-0.013562605193023079,505.0,43.863848278871195,0.3726481569643892,65.7419196555744,1.0,0.0
83,0.41291457634396117,3.0069759967821295,0.2459959593206263,0.6963740087249863,2.851121847559891,5.8951580428583865,9.074238557145307,9.557906293654382,18.87412065590527,12.505861104059333,-20.46637925847773,0.9998850536006693,1.2623905048911481,0.015161780435900619,-1.6232529657379031,0.46121966110358364,1.1487777983292324,-0.15962918284613187,-0.018061056754033904,0.15954718443007507,0.5148980661047389,-0.1951635915734382,0.2348788574453338,0.03653747501254121,0.012676128590961205,-0.12661037724490287,0.1209392917165932,-0.06023404904733512,-0.18761823760256854,-0.05123155582375649,-0.030308389408411896,-0.09520043539810764,-0.12567669730873088,0.006629046885463513,-0.07931328672741951,-0.04556003452278296,-0.0036417086463787583,0.039332615455903476,-0.04854923564420451,0.011984032967638879,0.05764402162910935,0.03157091243202856,0.0002639179161901844,591.0,36.77662969541651,0.38554596581065903,65.36818798161687,1.0,0.0676818950930626
97,0.4738991974832213,2.9553328987605854,0.27484017606893285,0.768129518019053,2.8977520701263777,5.9952786606784825,9.273789773167792,9.739118001128734,19.245681793480248,12.737199285632682,-20.893494869504025,0.8331203266970343,1.240013320126842,-0.5530917837431929,-1.357115045525137,0.48631940229404563,0.888845901047619,-0.3763306777490833,0.002260357811469361,0.2903896045876142,0.43306304368973714,-0.12240645436097805,0.2447886851627193,0.06835130981310845,-0.015237890779685747,-0.001408472814390007,0.10237995485083996,-0.10509325296623157,-0.1615369510586608,-0.005263224137041643,-0.03322072393698941,-0.12959478006529185,-0.07928651820945676,-0.028603447895325016,-0.05335190055985295,-0.04001455733618693,0.03522469625543653,-0.015930942964537412,-0.010564960865914153,0.04466608473735189,0.04708648200723513,0.010425057216724891,0.012474240186784946,517.0,45.5754497798944,0.31200468124988234,72.00694410957877,1.0,0.027079303675048357
96,0.46205891367160185,3.163984776856291,0.2758201875446394,0.7942423328662398,2.9050260033335245,5.984163060107843,9.770859005723482,10.311510387029127,20.352939782816836,13.304068749836569,-21.82687811708581,0.010046560347217822,0.3901047831532864,-0.9999495320390873,0.03357204992541727,0.0009195952083334823,0.07702501567612273,0.09950007423845018,-0.007660827807276621,0.014169723347736626,0.13919312564286832,-0.06075644563049679,0.004837350142507874,0.0018674621857862862,0.014485654308363106,-0.002943161980704835,0.0006087547148233906,0.002131928651614014,0.017696097429410893,-0.037357604286240964,0.006144356733727209,-0.006848683243872429,-0.03618680266669857,-0.008083343925675644,0.001549997165840315,-0.0011825993891763345,-0.00841752498313227,0.005194780953196547,-0.001397753411519474,-0.0008786823528233058,-0.0098222246257021,0.013400096389473447,-0.003649908684090543,501.0,44.30680933329504,0.3563284922696573,64.25729530566937,1.0,0.0
25,0.5234191725619857,2.691644429074869,0.3139545533604493,0.8268669994563337,2.9464641949387684,6.134246520360146,9.482138394948278,10.044518704545599,19.80784768837785,13.111642250982966,-22.657437083025872,0.030808455518352613,-0.4366862005402886,0.9995253068675019,0.037266367885489225,-0.008329467048218984,0.11572140306080692,0.07805762649447379,0.002186261471861361,0.016127118364690936,-0.13236486731508582,0.054371005602912664,0.007429059862493616,0.0017009313562322797,-0.010135238721377627,0.030319992196370067,0.0036228720526294,0.0027040844975131603,-0.018428194128431528,-0.0017177342991729207,0.0008358846351304046,0.005989401576719745,-0.028549556910326613,0.010349542173932693,0.002319111676487963,-0.0017260213085253248,0.004204057532776182,-0.003504081441190799,-0.0005280580112323403,0.0028326489489483918,-0.01236493465524521,-0.0006770033431838024,-0.00030022067704421704,284.0,58.1871782466314,0.19203516090106165,81.93289937503738,48.0,0.02464788732394366
Ca7,0.44090784815601197,2.5665344218286115,0.30830799372346934,0.7350997365449755,2.933353268748239,6.132485308249447,9.455744801471742,10.183092839599311,20.002650804545166,13.249585078559731,21.59922550411124,-0.8059367618982998,2.3301524032736562,0.5920016349815964,2.920001291521256,0.04847201540023606,2.3302188003388022,-0.2543536702700305,-0.2535050216800826,0.1804155178649117,0.8969932676116323,-0.5703390370741979,-0.3934900910751201,-0.06275896671243425,-0.05322535263736974,-0.26195226974317004,0.0408043913922344,-0.17715682382055178,-0.3566617158896277,0.08573254477356479,0.1728519103996739,-0.0964491888245333,-0.23274400060997094,0.1887985035509788,0.032384233776902145,0.03395976022844585,-0.0546465139764863,0.0388573216528511,-0.08468282564153136,0.08816446523795701,0.05800688864576043,-0.060159013154792995,-0.059431658509140256,703.0,40.905943595153865,0.4575381947164578,71.30918594402827,1.0,0.0
109,0.38231373877620983,4.538129875341705,0.19989010399714238,0.7553186151530357,2.7859495579302926,5.656316545692039,9.948280204196532,10.189918792590163,20.259853737915677,13.024441958519064,-21.466853604042953,-0.8397365643675396,1.4457816431758863,-0.5429940169690648,-0.9233124390781675,0.6228349430522552,0.6117826197777284,-0.9154777006164961,-0.9457803337477054,-0.11770302982250024,1.3063765554273337,-0.2659581303454986,0.15523992946878665,0.4219136998893423,0.05195815894513864,-0.2623095509387492,0.10092679840547664,0.31662393568857133,0.549318572462044,-0.042001247019153726,0.17245950995425716,0.08591509183386868,-0.2682488365360701,0.08159611513295484,0.031192123457791047,0.12011872322051642,-0.009169038175001018,-0.013148778028334468,0.07436404337603636,-0.13477582482831846,-0.1762283705755395,0.054244286686466234,-0.09588099254284242,476.0,32.33709395817663,0.2788074231235644,47.01063709417264,1.0,0.0
Ca43,0.4003643878718915,2.6900414893686646,0.2672513630146916,0.6923151956560615,2.876454548816752,5.994518628659827,9.03420604561538,9.56991546668671,18.872091382521702,12.567301368465714,-20.50976072580373,0.08953684904459348,-0.42321323113180614,0.9959835102365729,0.20376895013509239,-0.07296052402708506,0.15624725231457143,0.13631333657983966,0.05299192328239664,0.08831995916849013,-0.12940257599100857,0.06241974080934954,0.04624400655257196,0.013096114091360078,-0.0091632118974684,0.006398820405552165,-0.0006113616138491799,-0.018673843378615468,0.005023023556526002,0.019114864331512164,0.02242645260460548,0.03625625829261237,-0.012698506603654968,0.002615764047368901,0.01918130567893824,0.005145142600013361,-0.002490971408995969,0.0023126512163283166,-0.007529506364428538,-0.005685523229976731,-0.0031207131904883384,-0.0005675401321157975,0.012463800806834,1705.0,30.026089014833897,0.5968352632236402,70.0,1.0,0.20527859237536658
21,0.785889162147888,1.3063188060133493,0.7416279849918379,0.9840842860345214,3.1756314833461428,7.517883022266744,10.708373562087202,12.533714356223175,24.300434574522836,16.406134356755118,24.310222336720805,0.9539043282196163,0.5567778939105503,-0.30011086718724866,0.7481432657786731,0.4582628769069652,0.2489118953472895,-0.11779519673015879,0.04282166697793214,0.0713022998455521,0.09992716627239068,0.0054212611962309865,-0.06366788581957983,-0.04050823432168898,0.05474672677966232,0.017406151465076108,-0.01788933183108904,-0.009215912133297652,0.04874371321632134,-0.009298360133483506,0.01180885351404431,-0.00021072375601195143,0.03815014808419029,-0.007959154963309172,0.002408086905483435,-0.020613667329611875,0.015409393201171167,0.006950948390310714,-0.005633071897645752,-0.024261104289943543,-4.8711147728367166e-05,0.00621455073186677,0.0009828268168029272,865.0,80.57978008815957,0.5513937313062331,150.86749152816188,1.0,0.2508670520231214
36,0.5007759725566123,2.291986965723543,0.34462234820330157,0.7969050424858897,2.967415154357031,6.269603059067477,9.243109886693075,9.880989005641913,19.443061057754807,13.01586271850603,21.434315575362113,0.03389091721633357,0.4398361182157686,-0.9994255378617436,0.07091456962900146,0.022340619172319595,0.1585723760129902,0.09831704365534444,-0.014062165405384016,0.0265377112802927,0.12793495883012082,-0.060251966900446464,0.01171857992027893,-0.0027154286033148328,-0.009238170541756704,0.03670855647036684,-0.012094947724584198,0.0029645306357755055,0.00821720045626337,-0.006110537068513365,0.001201526959243266,-0.012969654656316462,-0.030381407397108578,0.012554314632699402,-0.006433020913550389,-0.0027697303501029013,-0.005757434568209873,-0.0025636737059619246,0.0018771447977468944,-0.007916239823952459,-0.010733968494999154,0.0016992865636532672,-0.0009319706057274525,649.0,47.358682352702694,0.4382104401467445,86.92525524840292,1.0,0.1864406779661017
Ca5,0.46989065249692724,3.0594405984868502,0.28527309099937853,0.7939235166031573,2.916927737313728,6.020158884945603,9.787926501597243,10.346515317915983,20.413975228205608,13.357067038614213,21.893033440046718,0.9850458413043773,1.427810694833217,-0.17229245639014915,-2.719072828423623,0.7798797005923407,1.4993578862010473,-0.12958136282476782,0.09357209114319016,0.5263387073225664,0.9750049692693106,-0.11149205185976005,0.6851687505328942,0.1776429854247705,0.23873975059997563,-0.14373947602732043,0.44308653450254265,-0.043128307329642665,-0.25322154708109235,-0.11975603979250868,0.021699579098579978,-0.13575904006747927,-0.29294133629275965,-0.06231206713476532,-0.20027162784997907,-0.12608263511270826,-0.09007366365757882,-0.004656189187565913,-0.1692541647041213,-0.023501513573748457,0.07784378153721613,0.05628754978759718,-0.027709957170407223,662.0,42.38713333189653,0.39099160154523144,65.92419889539804,1.0,0.0
