id,imagej_0,imagej_1,imagej_2,imagej_3,hu_0,hu_1,hu_2,hu_3,hu_4,hu_5,hu_6,efd_0,efd_1,efd_2,efd_3,efd_4,efd_5,efd_6,efd_7,efd_8,efd_9,efd_10,efd_11,efd_12,efd_13,efd_14,efd_15,efd_16,efd_17,efd_18,efd_19,efd_20,efd_21,efd_22,efd_23,efd_24,efd_25,efd_26,efd_27,efd_28,efd_29,efd_30,efd_31,skel_0,skel_1,skel_2,skel_3,skel_4,skel_5,stone
F616,0.5638623416548291,1.3213943934537085,0.627919089124949,0.8229435069101427,3.10700496793167,7.3458628449326495,9.738023729011237,10.767988510578121,21.022041773990274,14.4480936174028,-22.17989202461545,0.9990597373148384,2.7453311636763655,-0.04335482990862794,-0.2744975283786135,0.7368414085141889,0.36194710798321694,-0.7417832112860514,0.8285916791542797,-0.16722497831718755,0.4651423987205474,0.19957188476374388,-0.1675506877169896,-0.10171885187509465,0.09477830444897595,-0.22490218150691665,0.0037239956454469102,-0.11707120051984639,0.003848089177352863,0.0722951632315195,0.024105595143223225,-0.06511889943165014,-0.011098354548120266,-0.0069434934204543166,-0.02680104512347678,-0.021359584170369424,-0.051934897593647146,0.008720483758996185,0.01712395272248537,0.010892630438734112,-0.05829953276429729,0.017647734696827,0.030788040118826476,683.0,67.62836640257339,0.38439617211026617,110.9414259868693,1.0,0.09663250366032211,53
F602,0.32570478571191414,2.342542167117866,0.22942889797057156,0.5757918907867007,2.7936953723167277,5.9075363361425755,8.454453768368461,8.947518628571498,17.651825923689007,11.90725632872847,-18.557899659676682,0.99475910695008,0.6478912811170155,-0.1022463649225702,-1.1909392246525332,0.5390928889767481,0.6173227678439067,-0.13792787832834466,-0.055491083127511866,0.30102738389637823,0.31849621154967156,-0.05852461418411267,0.16747494076001038,0.0548075890629956,0.03840970271190244,-0.02410385803454575,0.0973802686326912,-0.044581263211746144,-0.0559924097308953,-0.0009605189808586217,-0.0056063981218939865,-0.08404056425593487,0.028632191370781098,-0.01192412817614604,-0.028088259866002295,-0.06573112649328028,0.05384101651535442,-0.021479089462577265,-0.026911163833496336,-0.009275704210682547,0.03355449665508242,-0.007465229681630108,-0.01132990358479042,576.0,36.243552210601294,0.3041922022137979,60.207972893961475,16.1245154965971,0.1423611111111111,53
F623 - 540wide,0.5553174687231175,1.2165811576627803,0.6645165980227367,0.7989108751496147,3.1040741604637825,7.6344674826084455,9.61601970698996,12.885859859350926,-24.720309016641792,-16.808292615662957,-24.152108927655597,-0.6430024311668228,-0.6398148274754659,-0.7658641351529365,-0.34141945221152376,0.23519721401749388,0.08277884132041076,0.20254970975831083,0.038800322345278165,-0.030650169018677478,-0.08545239431276927,-0.020301578243575785,-0.124225575056954,-0.005980764136016255,0.03296678588661825,-0.004815308816099016,0.013352113188718184,-0.0037180371127531406,-0.022157498018876332,-0.004583327860853755,-0.01630768798809752,-0.0023815261005179287,0.031001493226971464,0.001857159026636899,0.03852933540614692,0.018778276947300915,-0.010894678249469256,0.02513983058778312,2.2932708248028337e-06,-0.004154522051602922,0.0034955081434908373,-0.000994421307251796,0.0055532307251484544,1629.0,61.77210554561665,0.595099311892463,136.01470508735443,1.0,0.2786985880908533,53
F603,0.5077502636053198,1.8587315204783796,0.4073098460942795,0.7562255035464353,3.005271991290999,6.5281550121535465,9.336170745128939,10.256062391677428,20.062209112521824,13.525067327179915,-20.72489812356183,-0.8514219626116848,2.7466287966384337,0.5244813071811681,1.337780593594818,0.5409397466868575,1.2566180013577868,-0.6778547084932062,-0.06668639022677295,0.06493030996826284,0.04728960174095283,-0.32295068858538556,0.18005960485149308,-0.2515320279450394,-0.10470312509630554,0.16042972146827547,0.004802078653196647,-0.10344284334794754,-0.06412733503548337,0.09079293817709044,-0.1408787630269494,0.01800086179883127,-0.10481975733054692,-0.034302749452120425,-0.003160394928557015,0.07198579563683763,-0.03863113716727391,-0.030747567727086048,0.05107097320376873,0.051195170733807686,0.027839402376902342,-0.01583651366777434,0.01189770934535727,591.0,58.59567764188995,0.2692675029091791,87.66413177577246,1.0,0.0,53
F617,0.48178696525257586,1.5695512355674548,0.4680996204339715,0.7439586093759859,3.028125254093522,6.8044984952800505,9.290487019489104,10.06390585707553,19.746773651585496,13.467087670562366,-20.53546549611197,-0.33846720797913443,3.7541880385008772,0.9409781873788623,0.0582290962568818,0.8096077838037793,0.5909194882834127,-0.7844849038559504,0.13479946512064347,-0.15195092998510162,-0.0005781362961026289,-0.0359388838897827,0.26980729817232707,-0.2813979811379935,0.08793281305460485,0.10599535255229031,-0.19485038398606785,-0.07713677651334046,-0.071955956855295,-0.06041751347305316,-0.06397399444738117,0.07142673195547478,-0.0909947275947887,0.005776244552592079,0.041466698495457636,0.035927953390284297,-0.043323544367466986,0.06201941614325423,0.014314388204763622,0.048133600373469955,0.010104935334951467,0.025445827398065786,-0.013596511766385917,675.0,50.23472660012068,0.43150161862175523,90.97252332435328,1.0,0.14962962962962964,53
F629,0.4548546957969965,1.6757031374312144,0.40488091735761217,0.728805321053978,2.980776745003047,6.608555310028847,9.020137448976842,9.792384451523757,19.261975101196708,13.181763794575268,-19.497114668589745,-0.9890305386418549,0.5792135550577652,0.14771118317108647,0.4872726805950425,-0.29666216537127665,0.40084618077941725,-0.13157886170486238,-0.16608453577708568,-0.0832590213604639,0.022680446226421062,-0.10483790256295301,-0.09089987140830827,-0.0011914383995903445,-0.038754029176672214,-0.016794015510792,-0.0042603021579678884,0.05732260863626918,0.024199590721021787,-0.0038501671031624576,0.01894369079398637,0.01195557739032139,0.0275929125184511,-0.0024234853136170394,0.026137908771904198,-0.027437426960919616,0.01904888498692289,-0.0014211533669422469,0.00545389639604945,-0.005042155408495605,-0.010638663480158853,-0.004543738086788424,-0.0050813887826905895,536.0,54.05210407410342,0.33859927788405286,89.64373932405988,17.0,0.13432835820895522,53
F601,0.3307913351358378,1.360130462828323,0.4451160209467927,0.6587287608177452,2.966546421930048,6.9839770721052075,9.02234390063874,9.96437340108198,19.473014232142496,13.45970748498146,20.04161283041605,0.8035910529699009,1.3039241332856706,0.5951818374133455,-0.2940050931029684,-0.07861139905555319,0.6055991828758511,-0.33648163558666444,0.11023774349923995,-0.04543125209351756,-0.0967373428539939,-0.20831703250146266,-0.1380204247908746,0.055924990736539296,-0.001713776658766438,0.0997323336980606,0.005131614258894453,-0.020852367282189137,-0.1360493435040283,0.030255873760295232,0.04680085135840343,-0.018515132704976785,0.03790876017769035,-0.005636097706928785,0.010073465254533205,0.010080376364218832,0.013494850175417848,-0.0011089681331756698,-0.002655455742674679,-0.013889564668792067,0.021389963253885404,-0.012686817092191044,-0.023290776368235067,813.0,39.035614981626345,0.39595894413732163,72.13875518748573,1.0,0.13407134071340712,53
F615,0.3750391281706581,2.440347801627022,0.2615168567769207,0.6453916243210093,2.8558374819643495,6.006166924591432,8.851200967747824,9.505292467042162,18.686942644280954,12.512470744798982,-19.587655534065206,-0.9814075857659781,0.012194802747958344,-0.19193527711443345,0.7538357213258039,-0.5263407336121377,0.1273315020825079,-0.0803599468749733,0.002867783586417418,-0.22343778040007348,-0.10209939498866148,0.015130879800842205,-0.05965089588059459,-0.011332028433501819,-0.06912057629312067,0.04037228112171535,0.0010156513651939558,-0.007838213963640636,0.011582285057562843,0.00430654339600803,0.022517145215982772,-0.05818639987046097,0.015022661365336297,0.003074124713911647,0.008192542585764788,-0.05457854196661609,-0.007536138064447048,0.0014975170359475469,-0.011670878135475293,-0.0029212722267189274,-0.029363541601757703,0.009751685990163902,-0.013428231239864852,720.0,38.59438979266837,0.40506269225957364,71.19691004531025,1.0,0.10833333333333334,53
F614,0.37844252679019647,1.124844375431956,0.6178525302488986,0.6391356988029447,3.043698849185924,7.950247294949996,9.571044901417038,10.16107264316225,20.034387722347443,14.766550539673869,-20.76876880228928,-0.5412543073166002,2.090974357187718,0.8408589506042183,-0.4272545346681423,0.24176165165816096,0.23926708749384917,-0.783298932553724,-0.0769020107445302,-0.23361404236386973,0.012676856390261738,-0.07301191715802104,0.1820562415058033,-0.12535171277947654,-0.059270244589910134,0.08025544648973823,-0.1004945163397006,-0.04610010730977478,-0.039518932920861255,-0.0042103366184209805,-0.09867693922021202,0.03527963150967692,-0.028317028345515836,-0.029900499100994442,0.0171971182047177,0.04777012389641047,0.0045667639560257305,0.021196925557743298,0.046448729084652855,-0.0008051082130906046,0.03116167670940359,0.021357875193137255,-0.01017195158411595,750.0,46.62503122864252,0.5849005522209769,97.8008179924892,1.0,0.34933333333333333,53
F600,0.3212384076826105,3.5827250766079084,0.21530216318587414,0.683143159628279,2.806217394691959,5.748046842605414,9.350288532690398,9.742304577078377,19.29623479353319,12.658767686277551,-20.019417488129086,-0.9263407497949814,1.0509122927432961,0.37668662740967035,-0.4517113008533043,1.062757748600708,0.08618896412109321,-0.19212976511708924,-0.6485350925607486,-0.23940887706946762,0.9395991740812407,-0.04750477753971599,-0.2599469796469539,0.0013352950710124008,0.18049337436763024,-0.05226591923248331,-0.005841694978706875,-0.013938102126573882,0.3131024599208307,-0.16744424521419238,-0.05299223806586137,-0.10634478089382397,0.05404434743323884,-0.03374532002882023,-0.06169031575356044,0.0298969855890417,0.032683207088562566,-0.04541364336660502,0.03186070328472778,0.0329037293520087,-0.005878492145135402,-0.013132552417202422,-0.029314352480895985,495.0,31.544933568400396,0.29090585525537005,48.60041152089147,12.041594578792296,0.044444444444444446,53
F628,0.4840534873933709,1.3304935867914627,0.5647393472652992,0.7385848472543054,3.063110471110299,7.238025428855256,9.426472519376619,10.826519003401671,21.948877459152154,-15.398691892789648,-20.955239363219654,-0.9989943924500972,-9.933970729280068,-0.04483529695743267,10.756889239985416,0.5254266540609179,-0.43370218132367183,-0.534283099656309,1.8848687771930979,0.11175630170175216,0.20566455503706602,-0.22258979865298986,0.14010802154834218,-0.2627395502008451,0.2608311301733047,0.00813185761290411,-0.1816053487222116,0.09512697714465947,-0.1811816330223208,-0.12780986898439367,0.06354569505767703,0.04958439726664825,-0.11508230881102119,-0.10866287803424848,0.06968367413257906,-0.020288152251259232,0.058279022250882995,-0.046655226594483214,-0.05084810733291058,-0.020937452742396067,0.03038562987515141,0.014988957529883185,-0.077382978262304,948.0,71.27819400690258,0.3973974621124804,124.55520864259351,11.0,0.07805907172995781,53
F604,0.654148930858225,2.1269942866565508,0.4387598675915459,0.9442909069061852,3.061247686946958,6.51292157153457,9.977074426616252,10.675487958032562,21.003672186161374,13.943813016104619,-22.031373651499646,-0.749268015029434,5.893041366450952,-0.6622668960878628,-3.959499337827055,-1.1209931830047326,1.5078172215935717,-1.2054820403789284,-1.1659331460129736,0.5899975555668009,0.56998769906481,-0.5010161928725805,-0.22806310682730432,0.3380084917393427,0.41713563569057366,-0.3088676351037046,0.1733143222085687,0.22811569859159148,-0.16300847232841972,-0.10188507373186037,0.09011056204471043,0.23178090534077575,-0.22108269459934873,0.02380994086416366,0.03605540107081789,0.009498039030323728,-0.13845451709260048,-0.011866218413312627,-0.0064280577655259855,-0.15363381178871124,-0.13373163824922488,-0.07590248096335621,-0.041871328318897005,518.0,60.06227557147307,0.46708301531828733,105.92922165295089,1.0,0.11196911196911197,53
F610,0.37333127465069327,2.5989704870892774,0.2527008013682568,0.6603322144762889,2.8483972930763977,5.955881252342278,8.79127713757678,9.275977490858548,18.311333539679392,12.256707186577827,-19.359981594187182,-0.9779938952926386,0.6411516566406906,0.20863350826348925,1.2308617463000366,-0.5742276379456316,0.8762152354617889,0.01181964273529177,-0.09897623797493096,-0.2393423692655635,0.3411494884206792,-0.11623836831253921,-0.2372956048504625,-0.05213552420530797,0.04457760242203036,-0.12225541628670845,-0.14626558792071798,0.050928012047240595,-0.058622869815265585,-0.06536269438177839,-0.024014641967925836,0.0839754744643195,-0.06633635229428687,-0.006767946112933444,0.04698502055819428,0.05041237312575171,-0.010873200112770228,0.023903294855089748,0.04392892537938351,0.011661093194024526,0.03426652358167457,0.018231092738671063,0.014338599243213514,579.0,37.65226186925179,0.31029800113788,64.25729530566937,1.0,0.09499136442141623,53
F638,0.4383804617574473,1.37903170278297,0.4804511206818438,0.693650575029268,3.003890990022538,7.0229439798553255,9.052608840101687,10.088224945783708,19.73530100635492,13.676870328950896,-19.921940079831263,-0.5428654467275085,4.131465016327846,0.839819687045584,-1.258076100574942,-1.0865486669480287,0.6967891290864054,-0.32969396286957847,-0.5146895367406542,0.1314059045125801,-0.023773606047172068,0.09320575726779584,-0.26928069909297925,0.1869008308488981,0.15474541306995931,-0.011444781573038423,0.15510223072547838,0.1416399081365672,0.017601733282393055,-0.08875431479683772,0.05651065161943646,0.017303906795521944,-0.0794543732808774,-0.005556653807187479,-0.02173822107129546,0.04565247183729527,-0.05689550079470165,0.05969987125780246,0.022517223194145716,-0.051515514209289445,-0.033729541460439945,0.004724289568702805,0.015986340180429093,636.0,52.32017043441851,0.33046007290698554,88.52683209061533,1.0,0.11320754716981132,53
F611,0.16813569329261543,5.508180255779612,0.12155478784505819,0.4871086556169429,2.5764387211562965,5.210155113611573,8.203484585847683,8.31286059742849,16.571062065489677,10.917983322202602,-18.50915308665299,0.07273307943651237,1.9302902009529719,0.9973514421484946,1.1345612889774987,0.16079059333363058,0.14422517344416508,-0.27568274234983237,0.008586572958876363,-0.5860266944929955,-0.30382763201291046,-0.4029502071559975,0.2859169886866561,-0.6431163809364145,0.23572594526839427,-0.09157477591271672,0.18177118819007523,-0.1456677907118182,0.2478275687681846,-0.01863945248399649,0.0006358936762953007,-0.035089277071251264,-0.030167265940242192,0.005546739778767118,-0.04016031743747698,-0.11897840066664936,-0.05333061684310257,0.03819979169713861,-0.06827131050599673,-0.07441838903650266,0.039590547363131647,0.00897746612526476,-0.06902692688962885,574.0,15.007440859793965,0.4613313732149827,31.622776601683793,1.0,0.13937282229965156,53
F605,0.4577365328513001,1.5716827495679422,0.43771248004051666,0.7119140391556905,2.99931591017162,6.744592534878813,9.065714707680268,9.864722020455929,19.34152952064244,13.270498768490105,-19.972060807782068,-0.9843809361558407,0.8542785685193763,0.17605161894441843,0.36248320424694663,-0.24947870238996728,0.3618437586647933,-0.1890329644226611,-0.12209610326177542,-0.012150665812220575,0.000961177580696448,-0.17695977571199192,-0.04190825000007696,-0.003136200585374395,-0.02737447293567655,-0.014072872004164325,-0.008878048749217443,0.025026763139512756,-0.011938425485564744,0.03434895320458,-0.004044168946594322,0.01624385786082637,0.015255598544555184,0.011201917591237872,0.0027438814911474206,-0.004326813464077476,0.0098297819610534,-0.0057639458618054485,0.009702253020868634,-0.006280372134314435,0.0027770322174773356,-0.006001845879446717,-0.0007554257689894232,758.0,49.375392926347445,0.45998539349153633,91.54780172128658,1.0,0.14775725593667546,53
F613,0.3528411089300516,1.918844855751904,0.30889765258893187,0.6101615010573672,2.89121616011858,6.266382353646037,8.742381686241112,9.52815222157402,18.692754287699945,12.69104478783458,-19.112604913658192,0.8516718801160953,2.6257585475369924,0.5240753844815795,-1.8748605633751336,-0.2702512811591749,1.493676723674778,-0.19007132642132438,-0.1404036854006153,-0.10157353198536874,0.205825559226803,-0.23648858691123298,-0.04946912605469519,0.06506802124971235,-0.1446812148778588,-0.0935399805997956,-0.029544163019819224,0.08080355947106084,-0.20143964100749712,0.03609313998315102,-0.008382983424478279,0.03487706567245796,-0.06756220630718125,0.06978787962652076,0.04279080271095404,-0.005631364801821581,0.017895969115533535,0.04176644166359777,0.032472496143249416,-0.051614601481338174,0.04902619049396207,-0.002414155114781583,-0.0014041880734746404,700.0,37.18677782523261,0.42149695750298005,71.55417527999327,1.0,0.12571428571428572,53
F607,0.4182823641923258,1.3033246430872865,0.5342016043299398,0.6932008310503962,3.0324130588400244,7.2385951938262325,9.335350028942196,10.551515179109108,20.495283980230376,14.171917666222784,-21.900196039172197,0.0004825763606872823,2.230234621787279,0.9999998835600213,-0.8942241982496305,-0.9577527555444951,1.016524393946442,-0.9703628479015937,0.07521843251480147,0.06164520032500398,0.08369495419940379,-0.14757067229300516,-0.39655909054714905,0.24785103358672508,0.1629730681107727,0.20102814283486414,0.14217113515095203,0.12124995257973566,-0.0691413900437656,-0.0279751954060506,0.10604043137718812,0.05366106583371239,-0.07238223722474361,-0.02308529270094309,-0.02281659553116705,-0.04989071685464098,-0.08303412115581464,-0.014585790295675624,-0.0423778078798241,-0.0002234987020493407,-0.02431319468887898,0.02923312258706409,0.002985164137544629,791.0,53.129711355195504,0.39800741611662493,91.21951545584969,1.0,0.018963337547408345,53
F606,0.5015639794790707,2.2191960197152523,0.35806932963493465,0.7762765077718755,2.979432532105714,6.316575077987873,9.361203854662909,10.110794697674688,19.84820526392829,13.270951227606172,20.941068249348998,0.9997672156962217,5.077076776489323,0.02157578316132586,-4.224653434856014,-0.3084108301321051,2.754187476376221,-0.7088982659938133,-0.4501036676056298,-0.3102068930233134,1.1186465551271358,-0.6274732011835646,0.21965293274443967,0.1417650408594587,-0.35367848602292135,-0.1037889354137862,-0.05227917340791624,0.4214099851273482,-0.4643835990223362,0.29027624162710614,-0.018502167267218032,-0.028090139177206774,-0.2508214146284659,0.13826058400043428,0.06663654400239202,-0.11226860090526444,-0.0213961564234048,0.004605790191188017,0.07480726126029102,-0.12875138004132447,0.09800218222302659,-0.060289391785202304,0.0244418621479995,550.0,53.47247170238681,0.31324706649055134,82.85529554590944,1.0,0.023636363636363636,53
F612,0.5387915740430975,1.3412345869488387,0.5693017510710175,0.7752400521594816,3.069113085038029,7.22720815433182,9.436039033926743,10.463803923455579,20.610138979874804,15.042946649908647,-20.52637093609309,-0.9870452726105333,0.6748712930050207,0.16044198271399546,0.12210857784575806,-0.09966777061075328,0.17160807801259192,-0.24934456559372759,-0.16228954792929043,-0.04750568027920525,-0.03712017011999464,-0.08798517847701315,-0.051963957205321876,0.000997804441311369,-0.0426991313724528,0.025934715390116637,-0.030368553503059857,0.023490537759306054,-0.030095921851263047,0.022498960566506524,0.0038997043716397163,0.012819061771312116,0.013730009248461116,0.006755448323402065,0.016047643259886432,-0.016100519379707613,0.01382308947535855,-0.0027776619569115915,0.0007234400378886834,-0.00789873362187678,-0.002499705274994562,-0.0035386784163872133,-0.004796022787821057,677.0,64.97831976158933,0.411395644338647,108.18964830333815,1.0,0.17725258493353027,53
F637,0.35339247759510783,1.6500972042606552,0.36876140140191316,0.605547725985538,2.936642428362768,6.542548911721144,8.808782818615326,9.472692927698906,18.626067801456667,12.788992170735703,-19.237273814395852,-0.9635474851701047,0.7336594252391395,0.2675373690204174,0.5114954502560327,-0.33377536398959984,0.3596158921744828,-0.02127711091365025,-0.12441165600096431,-0.0757938397956186,0.0867938496137084,-0.06789785786907329,-0.1378508605471923,0.035018380045504,-0.0034080570421186674,-0.02605244638825262,-0.04805821845075717,0.04990765039505843,0.004853404720212904,-0.004950344252498599,0.008720692309777843,0.0388889449481851,0.01670593906417779,-0.018484129653467383,0.029752325042601755,0.0013353135799287516,0.00855216993861449,-0.012461283557388849,0.020083989087530812,-0.012232536681485995,-0.01031043536897196,0.0018553293907086603,0.0002808761485181496,1090.0,37.72836947233127,0.5107162253819674,76.05918747922567,1.0,0.23761467889908258,53
F596,0.33224877056113133,1.3787624968591463,0.47889963580476563,0.6641753313842298,3.0024278385624084,7.0205108423947715,9.139600363553905,10.232507939332496,19.92223345069709,13.74515220338965,20.80635886090137,-0.44419849207913853,1.4019013819564974,0.8959284009532342,0.36686010233217187,-0.15091929621724948,0.8149752239758143,-0.20999279666188847,-0.30610587730707,0.19168356029345499,0.11394382450537335,-0.3378114322908047,0.055605203541289845,-0.15062386000808328,-0.08351300993497454,0.04124660126967861,0.11211087123215138,0.0636823784930905,-0.07999295675212845,0.06309130077563242,-0.049231514633443205,-0.0313743894836896,-0.08454988956950299,0.004219258708955922,-0.024194455254836583,0.019732400175352133,0.03259184228347144,0.025514781472544764,0.005562242670777857,0.012343084726588321,0.01804438132731789,-0.0024394862533567083,-0.012173753955224577,797.0,42.83861314590689,0.41446559810609745,76.00657866263946,1.0,0.20326223337515684,53
F597,0.3062748583554787,1.1032966620940379,0.5030899026855938,0.5673592976497541,2.9469629412251153,7.911586866395343,8.99607585308377,10.232822083604198,19.893038386802726,14.246168441817359,20.207852288698746,-0.7459564602042946,1.0826315264293938,0.6659947143029581,0.22638883089333278,0.08237960991494675,0.40443718952206953,-0.3191067213992785,-0.2457451969532302,-0.04387494404773297,-0.031567641991165615,-0.16939805126524635,0.04357902046012749,-0.014463885678357496,-0.04463618737286688,0.02363332546595882,0.02138574328047032,0.03219357206393952,-0.0633312305918925,0.04833911188016563,0.012321537709914284,0.006084131518722524,0.00648582716497739,0.029690881176451966,-0.02044843716612915,0.004304392327424702,0.03206669083116767,-0.021806500033951053,-0.01233447061311896,-0.010007829931231784,0.014024457146398026,-0.01056615626345876,0.009348859997056532,902.0,45.83695610320812,0.4205128078492164,81.32035415564789,1.0,0.10643015521064302,53
F622,0.5019773935702744,1.234575024331448,0.6105775563613836,0.7555191640347799,3.072406309129779,7.5100982884022205,9.407630752399278,10.992256888138819,-21.197087597595047,-14.794795547746423,-22.01850048273086,-0.6119096685433685,2.0320334141568237,0.7909276563271417,0.5946567173526778,0.42156621542025696,0.9613156311578138,-0.4709169101940299,-0.2266221250138106,-0.038211997932642294,0.05668138344897288,-0.17082971357375507,0.08901544932530184,-0.10704916305292693,-0.09786975387445228,0.0318689884546819,0.004407115589739882,-0.07327953391550658,-0.12885448831823618,0.04886163111988956,0.015821333892547588,0.005786604021536698,-0.02489589038767129,0.041766800450742506,-0.0029223883836041044,0.05053005385325111,0.0234986539604503,-0.0030592114857882474,-0.013615244324172373,0.03841329879906192,0.024992571055906566,-0.019564761301679195,0.0006105000747786863,969.0,66.74223166373258,0.49910772823833877,123.17467272130257,1.0,0.14241486068111456,53
F636,0.5242168849005856,1.5013213312116003,0.5251737450194313,0.7594642670294025,3.066587385196217,6.961429380412544,9.515062725596746,10.637657002628005,20.770634898071098,14.166184719720492,21.03361090859862,0.8733383794569552,2.9782336226798902,0.4871140266585426,0.8281614901431343,1.2283548472481394,0.6636273802555898,-0.6545821007893072,0.15595063168874257,-0.18535446420153298,0.09358661204301649,-0.03773718578369335,0.1849357823301546,-0.2829607521840385,0.2502078645075799,0.05731151409738458,-0.1308842383882356,-0.09121435578536845,0.04525142554400793,-0.03765731770931928,-0.013649931963833755,-0.0051349376423173105,-0.085505966200203,0.041830734519552604,0.06527644255197027,-0.03770357354335698,-0.0786291210003012,0.059049103708041846,0.0046238677223534915,-0.00912897151571377,-0.009399680452963992,-0.0035354072954482778,-0.002768686249037752,718.0,58.416941266125264,0.4284917558862269,102.45974819410792,1.0,0.06406685236768803,53
F608,0.5407795299504129,1.4008436059840588,0.5530006266619732,0.7747583650950747,3.0696167255997135,7.1158322827452025,9.458196386235896,10.554969239985624,20.591532758997136,14.18456137791117,-21.00632619234788,-0.8480256747941556,2.445815411430479,0.5299551442244117,-0.731894218603435,-0.806424454354015,0.01900359856096705,-0.31566944791683005,-0.4825249927684579,0.16630392311948153,0.20684338066451197,0.05908003310974092,-0.09680729150320075,0.07213342758181251,0.2413829099424861,-0.08968614103818727,0.07291895005433689,0.06557923782527922,-0.01564337861146676,-0.009088673274965285,-0.0423695209010715,0.09050911848024136,-0.0347301683487034,0.023058138555283793,0.03773817114205373,0.027334634608326476,-0.01899445755745488,-0.01237778171304664,0.009758135516086506,-0.020148229588711947,-0.04742537017852955,0.004008916284497733,-0.012577117800706292,893.0,60.39360193995728,0.42283216938151846,104.08650248711405,1.0,0.11758118701007839,53
F620,0.6032940809277775,1.2340612982000638,0.6714923834709379,0.8350266830870279,3.1135633091001425,7.594079811551172,9.729696715611745,10.927076771070196,21.537782601545004,14.959143640119407,21.324546138928966,0.992576107837628,2.2819149763732294,-0.12162512137673555,0.24733884509795293,0.5562461298158885,0.10390275471084165,-0.2633027717266689,0.5686310431618219,-0.08141102175604285,0.3527993060727153,0.032205810389637816,-0.10347527791325457,-0.03676915737688996,0.08061311993567148,-0.12477252793558333,0.04260169089724526,-0.1329617279245926,0.02132447891442043,0.03712866134565958,-0.017036884817386192,-0.055910194686185286,-0.006060528712145205,-0.017287535534968413,0.005503944822633705,-0.004592928585972058,-0.027638933317248936,0.01730124945413849,0.0003223009638908328,-0.008142247547595308,-0.04590166279323509,0.006009471181494016,0.005610031249335438,573.0,70.14525803441367,0.3625881328730407,115.73245007343446,2.0,0.1099476439790576,53
F634,0.3791549623680932,1.5191584684530979,0.4308879530534735,0.6644857066182767,2.98377573781238,6.773530248027194,8.956653768843541,9.96288275342049,19.432411580933845,13.36669746242846,-20.101152665808097,0.2727498928350817,3.134628092071779,0.9620849733565385,0.9797495328848522,0.6580417474249803,0.9180938342161924,-0.15590146872312818,0.09803646956474864,0.11538270640927836,-0.11234792163154082,-0.08307443083269618,0.2544177495559724,-0.28754823501423477,-0.010489696006462887,0.07207508883714486,-0.04901372260115755,-0.1171124884533779,-0.02021937927477094,-0.08098924899759812,-0.06422372264184345,-0.011418539239478654,-0.006964318260311666,-0.03515249957355292,-0.003292582700448411,0.0634258503462586,-0.025367751587044556,0.004260073766250627,-0.019858433099155973,0.018778626924805412,-0.0435643710804183,0.022360786296406816,-0.004385904470453397,670.0,41.423840186651546,0.506429034253361,82.86132994346639,1.0,0.24776119402985075,53
F595,0.3894539628779051,1.134929654482199,0.580619716139334,0.653731658912711,3.0201112924621447,7.840177466490003,9.459380253430126,10.476411406383944,20.510180536527482,-14.424166633282454,20.735434338447785,0.5234126351423188,4.534424436441379,0.8520793468764359,-0.7844415470818615,0.8688954507636388,0.15802543765973134,-1.0534520706071917,1.0630539222025355,-0.1773278303167029,0.33566988306347945,0.22885804093904472,-0.02192742639315349,-0.21714020102549492,0.1368523687457239,-0.13652885518124663,-0.17017165189273162,-0.08426697106371654,-0.027426188120447417,-0.03176153178641358,-0.03968869617333864,-0.09627858412169583,-0.17673096832548502,0.08101505376290977,0.040735548722713295,0.008750418723935586,-0.03869523791407459,0.018041537537053464,-0.03277749863731607,0.08697830194461227,-0.01693360609716473,-0.01987409941968295,0.042776895655341075,1020.0,48.69562291831946,0.5171471566030215,98.2344135219425,1.0,0.2607843137254902,53
F621,0.45094605893683365,1.559066154051326,0.4469901281617953,0.7086200595207017,3.006395931863541,6.772464699026939,9.10905915907658,10.210433152617707,20.056290341730335,13.948397252497653,-19.990119858954955,-0.9732992057993736,0.7695657814777,0.2295400966940391,0.43799656905567824,-0.3557489135088966,0.34559893792041,-0.03629464733938253,-0.12793484405754102,-0.1098193332077226,0.039254401804896505,-0.042769304931036776,-0.11440809022198518,-0.030358240357816296,0.001409505546440278,0.020860742139289196,-0.05985243078601149,0.06480781541250039,0.009434023913973633,-0.0005992244249015686,-0.008738403549570145,0.03697696471256842,0.02168646382311268,-0.009383793388411736,0.010000806453207075,0.009847721576084356,0.03922338981945256,-0.014818462231854814,-0.010668785202135277,-0.005329841041506698,-0.01628253759036451,-0.007948155915514373,-0.0011038162865303239,828.0,56.99716534654118,0.4861009206721581,109.288608738514,1.0,0.2113526570048309,53
F609,0.1926045022904455,2.0267267569162866,0.24419169915932354,0.44209747069710054,2.798852650070931,6.029286494813496,8.516037750353153,9.237022514524721,18.113953622710508,12.253530354547326,-19.480571209320438,-0.9433813123392434,0.3703995141930977,0.33171026443130625,0.7581991847286328,-0.49943990585714015,0.273533075464666,0.06766664066854094,-0.03244548722421602,-0.022210446678391404,0.15354763933413645,0.052380388017033104,-0.20867613337411595,0.04838422004104687,-0.07530870629900113,-0.023501662193773195,-0.05510264795142553,0.012556278539025863,0.10045609590857997,0.00095027162681604,0.001336583769252358,0.024832889893020498,0.0109214917426782,-0.026113384565708702,-0.002026923361185013,-0.01874306573108911,0.019682123996653086,-0.02498721903574047,-0.021333911677317102,0.03631128036411072,-0.018699632626320555,-0.012075086273050371,0.011436714825234857,886.0,24.672255205846056,0.49080293796937186,53.25410782277739,1.0,0.23363431151241534,53
F625,0.4270049999530514,2.0047789095950828,0.3373163530089134,0.7275295163133173,2.937291232487295,6.316074754929184,8.895395970941511,9.50062613651455,18.69868047914595,12.659148279455112,20.548847700130782,-0.9967503151350033,0.4336392826472519,-0.08055314567583206,0.5366230422197242,-0.4695220665166135,0.350742747415549,-0.14287148720533782,-0.20446563789229474,-0.12643843131811755,0.01999518202487533,-0.07975738386226773,-0.1621242907376723,0.04662148523373637,-0.08798718666942035,-0.005181886019408567,-0.022902336897505843,0.044870010606188976,-0.0018156575571389982,0.020235090512311257,0.00824670905619389,0.0164630184484953,0.033478453120740666,-0.009736854037061716,-0.0005750987035965027,-0.001360344711654023,0.006016879934399923,-0.0191187057054099,-0.004671819584277869,-0.009396013604941982,-0.036428631984014664,0.006875425711893488,0.001551528358049885,611.0,44.94577145332443,0.43838197290299463,79.7057087039567,1.0,0.2078559738134206,53
F631,0.4192919236840186,2.4539469016230875,0.2852586517878814,0.6992125737722882,2.8942673106237753,6.0797099783248205,8.930302059534599,9.464196533834283,18.662055399190834,12.505824016890347,-19.937616381886173,-0.9966447353364082,0.9934130135120789,-0.08184907773592198,1.0895244988719932,-0.5129062986989901,0.7502712987149932,-0.119314965035219,0.04132079681303083,-0.2852222957013787,0.21702468441364578,-0.018001135531717272,-0.10116012057507932,-0.0612485881867168,0.04539953391062544,0.022756606961223797,-0.10746530095091195,0.07379291416795115,-0.010816916965930472,0.012121257864110786,-0.03610247859386612,0.10157969612272127,0.015302287960319662,-0.01028748497510482,0.013173436499365102,0.07964164376277957,0.047426336858567626,-0.03017889888645324,0.02146328591811455,0.01772381106860938,0.020412050602382083,-0.017872325765697472,0.02293647386257074,683.0,40.976509946568775,0.4191170296518502,75.8023746329889,1.0,0.20790629575402636,53
F619,0.32543343267877345,1.7893869990977231,0.3096585467079136,0.5518435998815151,2.878595355575016,6.31848585816859,8.655060572725503,9.24574625598861,18.196906014720284,12.405405647678618,19.4255451000148,-0.8827837993751421,1.0605443561491148,0.46977948397177666,0.6916470816715756,0.008011080850211892,0.6911800723183331,-0.14779372572007674,-0.16870564118103198,0.02818807150712261,0.04262402764365989,-0.1553608781712677,-0.05860561298263502,-0.009823746762479244,-0.10002292861440246,-0.026717045587927535,-0.01758491416310494,0.04578033753051466,-0.1026190764459541,0.0009155968804019131,0.006887835650135709,0.004693101937473027,-0.037557655806833616,0.02467959608631006,0.019185111525013676,-0.022352507890638258,0.03594571595491077,0.01685184232954989,-0.006103054834435416,-0.017489656062449763,0.03155426822243379,-0.013175297185231019,-0.01041859392885222,662.0,35.18536368657189,0.4745164558647497,72.18032973047436,1.0,0.2628398791540785,53
F618,0.30195266961905853,2.3678739115874596,0.26736477607833764,0.6008196216182905,2.8615784545824647,6.036338979940532,8.817286749278553,9.429149264430666,18.5731066268609,12.475749310379063,-19.07263395185649,0.999323987474555,1.4117107003923481,-0.03676367851501553,-1.955204985328552,1.9677516489117688,0.5826293270194186,-0.45287740785237934,-0.7539550657789956,0.5179368655242216,1.3628488478086693,-0.16800788719925397,0.26780854668960524,0.26146388434252477,-0.10546182204733753,-0.01624389852862729,0.17221535536433155,0.24290183873908933,0.13633228940538972,-0.04978435982908387,0.14845061162063466,-0.14275286934168205,-0.10409259784970988,0.07374450022678199,-0.12288784558753708,-0.1349619541848705,0.0741392789621801,-0.0315646714933688,0.06341458167763542,-0.08426985181949068,0.11923305036373354,-0.036582335331063406,-0.06022026593671142,703.0,32.05314921021013,0.4629528099933576,60.74537019394976,1.0,0.20768136557610242,53
F630,0.7684948218724275,1.0961984388971413,0.8584558829326261,0.9682997839380011,3.176497903829433,8.42929193304693,10.218975125759734,12.535590765174916,-25.105977016951012,-17.3990456841116,23.91376792494175,0.9753492953181531,0.11116605305029574,0.2206666085350981,0.2056265465878575,0.016845799151235796,0.013492636072905264,0.07106167148829426,-0.04798974611796788,0.0724386376020402,-0.012094181562209927,0.012705258996589162,0.06146441803751724,0.04028135429675374,0.0037349431126887512,-0.0025101049999385794,0.00855699245702046,0.02715617386101963,0.0074072807089205,9.838248673274238e-05,0.005269758772438433,0.020038062587748817,0.00914522655169573,0.002624075798714174,0.001665671815029011,0.008018956954164382,0.006222974079996597,-0.00040050338990479283,0.005008694024263482,0.011908283937800862,0.006298042980069808,-0.001495906692654091,0.0003095706763558564,2182.0,79.79372493462073,0.5732936291105252,158.25612152457168,1.0,0.2149404216315307,53
F624,0.46740619217658214,1.3328238287110106,0.516920243221421,0.7170382629792276,3.025234017841146,7.157245453199434,9.198753544585115,10.40001615914064,20.635317845833892,-15.020146618879503,-20.230724308783056,-0.9425032793532394,1.100503293081605,0.3341969006564685,0.41529163538767144,-0.13697732444670296,0.6299759117604842,-0.2366939383974845,-0.28574761685234007,-0.11348600523233301,0.060665904491442636,-0.14494619822877094,-0.08354301604432396,0.005094121971686518,-0.08335580617607741,-0.01358338262564219,0.006521129309265119,0.08093342894203179,-0.06454746165463651,0.007786330001388756,0.024066876706274873,0.030836526664016362,0.012408847533365797,0.023477968031744186,0.011799002327999148,-0.010818037912812158,0.024216483468532904,0.013899760288850632,-0.0028545384713804965,-0.023191757903417647,0.00841224217182151,-0.0019023871933332903,-0.0014871763979102065,838.0,56.21634962592438,0.3992081444320446,97.83659846908007,1.0,0.11097852028639618,53
F632,0.5127529732401239,2.0835326175267044,0.3880609007907576,0.839714981475691,3.0046191658861727,6.416720006302341,9.380976614449688,10.15156495161622,19.942850410142526,13.454078665833363,-20.39950273968993,0.987926638086241,1.8181309870253033,-0.15492242497333059,0.23113112277366446,0.44944097480639045,0.30051230018585035,-0.1745065106750695,0.11869368656967211,-0.03574586371350874,0.01946145177969161,0.051531734431112794,0.09717899218790857,-0.08692834997121342,0.09830139189210642,-0.027930808767642003,-0.0637732055035087,-0.0326051636229819,0.05655208212883205,-0.05132083559948999,-0.013618374059306687,-0.03869982606359631,-0.008146070123256195,0.0315279613630495,0.013065562476046193,-0.028676759008082097,-0.021779791164506047,0.016906785642492615,-0.012876401435449695,-0.008647575615776438,-0.025318035671477303,-0.0037242275485943987,-0.005162415300272037,934.0,54.61202982198289,0.5662729834074919,115.52488909321661,1.0,0.2334047109207709,53
F626,0.315408521480503,1.7447949899333495,0.3131628679748,0.5587288412686435,2.87816472754853,6.348924916617437,8.680464950732445,9.344216976791872,18.372112829144992,12.532598854008112,18.936732665455516,0.9788542481059297,0.14765362298897666,0.20455894252018134,-0.6676633274474704,0.4605481839231251,0.11904822468376224,0.1722034395412192,0.14717091573552168,0.0585747143231392,0.007330406469392263,0.09907998866340652,0.1612491302233231,-0.022330375048963173,0.006091435253332485,0.03039187433667256,0.03824764521156875,0.006065762279534981,0.03962991753351269,-0.019714899173366125,0.0068170550997352156,0.03592659585152565,0.02030360243902412,-0.016407962647329587,0.025742400350305047,0.016001965843536116,-0.0027654148905595193,-0.003984158298872534,0.02312535597450915,-0.014811298743627558,0.0043174301770685835,-0.013609106492698237,0.0013038524427957051,683.0,35.55055572379877,0.42561513559998676,69.42621983083913,1.0,0.1478770131771596,53
F627,0.44332425556698246,1.4247553424173756,0.4846496092144067,0.6981126525810089,3.017226221799078,6.971703449500445,9.155848187715378,10.02586190825376,19.641628091874107,13.614742931337696,-20.099233856494457,0.371582410034072,-0.7888301602871876,0.9283999744470435,0.07089605700341611,0.2093208715955154,0.21356427910114195,0.047449980245663964,-0.2011531131574663,-0.016267254481297483,-0.08653845027314822,0.10179440395800109,-0.09073158105228563,-0.0844860026888184,-0.05781906908005135,0.059426372832916165,0.0015516240954880378,0.018368097613859314,0.014783876444642328,-0.0028039427560723126,0.004042390043196954,0.0013722510586319852,-0.019257801160027444,-0.0036216296708762494,-0.02788997540987986,-0.0329031570136172,-0.005266734274537552,-0.004049015325328985,-0.016859441624786652,0.0012679736825865764,0.008052970751224593,0.0006930391143247284,-0.00025707185966698576,555.0,59.874146464797796,0.34944939480458903,99.20181449953424,23.323807579381203,0.1981981981981982,53
F720,0.4223276880667446,1.1458177385144261,0.5861480722598617,0.677967017139565,3.0278319330861536,7.793170557059014,9.281074517871806,10.411287649027917,20.26696820083801,14.313110863469056,-20.941728659038844,0.78936705240303,2.0932883432773015,0.6139215394336249,-0.39409902141103903,-0.38536899435488753,0.6732235751695665,-0.49949810677627215,0.07851408422948082,-0.019368012673596675,-0.014099493954462042,-0.1150002216846233,-0.1274468909396152,0.13039621089816822,-0.07745284161229812,0.09320294551094589,0.0642274389568807,0.0426150366006442,-0.1076721435757884,-0.007665926150517813,0.030870055264129545,0.00753941132522248,-0.015599828744569489,-0.003565772787241359,-0.008946807492504344,-0.03197513046051103,0.007095742696797452,-0.020721370061981825,-0.013216960635234453,-0.03191084054545409,0.03519806595632372,-0.011321280249998766,-0.006227074163593733,885.0,54.40893768068765,0.4040689996176261,97.94386147176351,1.0,0.1401129943502825,53
s4_013,0.4368276038666728,1.9509877623280785,0.36331808459714593,0.7251826768846907,2.964730464286875,6.396807628248856,9.05036914394968,9.679541303830238,19.045368651172343,12.878982705882557,-20.24302061872041,0.322426027694694,-0.47686333925125374,0.9465946633406617,0.1892060557661259,0.0015707526827018253,0.21065317874190878,0.139698229516041,-0.09121568651480386,0.031024162304917387,-0.11899381398858194,0.09874039422455821,0.03480909581548952,0.006799680700077168,-0.03126033357693286,0.004459634830461811,0.025935625749355994,0.012296499776189658,0.03201855818934835,0.012719499670179553,-0.02058771604187771,0.01068587099003122,-0.030879108215165752,0.03714086486469557,0.008198402438228902,-0.006756309960946316,-0.021422927642463476,0.002202671846280476,0.01014125164355557,0.0035422080003486493,0.004444163788159042,-0.005192510763225775,0.0010150732507148662,378.0,40.347968467015875,0.2953392327622587,64.00781202322104,21.470910553583888,0.07407407407407407,4
s4_007,0.4352257665962289,2.752331383110805,0.27160350870793487,0.7775570016392628,2.885836122198717,6.002338880432108,8.96854795023729,9.401563704913668,18.5868481659738,12.404762232222934,-20.075541079232245,-0.1154739816731122,-0.36452315243901695,0.9933105051073192,-0.09207018427207644,-0.01118054587375016,0.15189705546407736,0.08777747210318863,0.031040308386795,0.00971105670859725,-0.12045560792578748,0.07498490735327815,-0.02057158831063949,-0.005886262493587087,0.011580550695627388,0.024956338782650783,-0.0021358605944348527,-0.015748732563516197,0.008860613118077303,0.01809636270867284,-0.0009972895417254782,0.005201404150295427,-0.03599361878995524,0.02175734690171437,-0.0011691432228147212,-0.004826570526044051,0.003376482506536156,-0.0006383786773880635,-0.0034962546634229254,-0.005441821704139136,-0.00258458635022201,0.008599677654221653,0.0006444182436316212,279.0,25.045426499757994,0.3884130736324039,44.204072210600685,1.0,0.13261648745519714,4
s4_006,0.3846761240977007,2.423347175427284,0.2981747973239075,0.7013775578440551,2.9119304542813302,6.122580924110157,9.103921679056963,9.680492368754264,19.075734462370015,12.747489044199313,-20.001507982538023,0.22591327607326664,-0.4559227754249742,0.9741474178448783,0.19068116824262898,-0.02096574665380715,0.19060773890074598,0.17091291435006506,-0.005240963522839491,0.040755208326194,-0.1483211113057073,0.11091532826706682,0.04256721260042219,-0.002623851056638366,-0.017782836446645214,-0.029893470069611454,0.010810430163613927,0.0031110896171815737,0.031561600051797596,0.04037496800481426,0.00552103577736507,0.01835707567079013,-0.029342045486875204,0.03312137168380033,0.023113229978141147,0.0008396184956921199,-0.01669636724894373,-0.01964982505961512,-0.004575890359347027,0.001037658205982699,0.01322130151006859,0.00685415433542271,0.0073396858080417675,432.0,30.54035208977192,0.3930867725772952,52.32590180780452,1.0,0.04398148148148148,4
s4_012,0.45787831510549937,1.459275681974782,0.4837468683519272,0.7025728987993138,3.023169955613362,6.931524470776871,9.203001468404521,9.957361173442099,19.547385284905147,13.481673552825262,-20.21426333655056,0.10450408822598348,-0.6617729135321514,0.9945244569863809,0.019005689393579682,-0.0561744106172721,0.2928364972985262,0.1373228118947508,-0.01773002524648376,-0.003723874684524158,-0.05441850110410618,0.14917119873179518,-0.0073642061230016955,0.009138909987793572,-0.09958833413962798,0.02517373841046452,0.025700264167418833,-0.0180267215123753,8.62953034336463e-05,-0.000778632227967439,-0.01594475253292842,0.0007311225783844416,0.01707587458236438,0.024758439535516784,-0.0016128662136797884,0.0010276311967825679,-0.021474154999422585,0.01513924307114067,0.01586720640072333,-0.0033098756198893567,-0.005583633282911506,0.0076438552335460295,-0.005512036906579726,197.0,16.580335739661745,0.44260387437937243,30.4138126514911,1.0,0.2639593908629442,4
s4_038,0.4407372176578522,1.624266493935733,0.4291166052663452,0.705518411336194,2.998748395635767,6.690523949655659,9.187416123334195,10.175711136723047,19.887957320698096,13.539330138078515,-20.297366836883306,-0.0969404282341074,-0.6720167240154832,0.9952901855106318,-0.15741658695129243,0.007686611632207838,0.27356237869450517,0.1824067460581951,-0.03440297035957574,-0.0592375208213365,-0.12499492331528665,0.13538554153719554,-0.022735821777576874,-0.03207310843546996,-0.08561389571615458,-0.0022114341335515214,-0.014795466613830242,0.008194341796654089,0.039991168109060136,-0.01077959789769069,0.00671994762457353,-0.00890723152371552,-0.002435669485166194,0.048274723508884385,-0.014205060392466076,-0.014344537621908899,-0.028685666142135993,0.007869013935949343,-0.008242076209039658,-0.0037214743878786843,0.006276568133292153,-0.016337195453801953,0.005716688900438495,215.0,17.089966302138947,0.3611582872858715,28.42534080710379,1.0,0.03255813953488372,4
s4_004,0.43884286091450037,1.8656616146574914,0.378352239991629,0.7047296934557363,2.9739668923207803,6.461478079079327,9.131917776637744,9.808389308413664,19.278546459551475,13.039907998819865,-21.668251712079314,0.07664738418053758,-0.5748695504776019,0.9970582623389072,0.052239741264848746,0.011126774821101354,0.2439298472033317,0.14743619875597425,-0.023327758387239106,0.014178627787347334,-0.12107858281500591,0.142149929249171,0.024847252837739902,0.001782646034424807,-0.08042277657996491,-0.004614161291992621,-0.013337349705959893,-0.007889701415038013,0.03432000883881921,0.005557564167536206,-0.0031557611249932644,-0.002697078926590805,-0.006419407135968098,0.042314923869695036,0.010774150083751878,0.015963123303623344,-0.03255984337755977,0.006968343399055777,-0.0006280318127473775,-0.0019837424983537603,0.00090038313033116,-0.010908671593618618,-0.005962622596837474,303.0,23.000632381896445,0.39930423837825796,41.10960958218893,1.0,0.12871287128712872,4
s4_010,0.42908576602651954,1.0365194864515714,0.6456133125991028,0.6800370776101795,3.029990686967576,8.950928464254542,9.308922857333178,10.415504271793349,20.285113851870175,15.075951367323942,-21.015283599159442,-0.09655581535112945,-0.9464950471038234,0.99532757146674,-0.15204073363575904,0.13369085637676273,0.3672789708920172,0.11561297149372236,-0.09948550492547,0.008355803243566195,-0.024694929370808406,0.18788977863989115,-0.12461115760203202,-0.09608759831013675,-0.11023006622870805,0.08215824766010037,-0.058898951698248846,-0.03823228062532581,-0.014770542502144856,-0.042984392295595614,0.03248449408386655,0.011169002226744239,0.0064450856180916765,-0.007048681017940891,-0.010700121250826025,-0.006035721995702578,-0.008842788097345807,0.014924487449027357,-0.03578811160989953,-0.014114832692832223,-0.0006800480221736727,0.0046286515511903305,-0.012293729479097642,235.0,17.964805129897123,0.3768606514800044,30.0,1.0,0.12340425531914893,4
s4_011,0.48013817676145526,1.5171426217138753,0.49582366709126424,0.7405013709361535,3.044389647563587,6.897223919871027,9.444047069501773,10.322659085985062,20.20602180828457,13.771924577446969,-22.38225302219869,-0.0022286389152889564,-0.7206074238247576,0.999997516581209,-0.0067238832541412575,-0.027287795790292984,0.2536172600672812,0.12725508549409206,0.029157616491539928,0.02161065033160303,-0.08214641273949592,0.178892377405359,0.03121794523869864,0.04755101060286251,-0.11351943657374704,0.011344639978212116,-0.013612865928612428,-0.0024841007890683093,0.015129818957679356,-0.02010770875647533,-0.013560804997080761,-0.01594314670312736,0.028102405369061795,0.026704671454033012,0.005264469699870062,0.012923086434465774,-0.02339423909034244,0.030769954392027458,0.013833520275721892,0.00597775277842454,-0.012051883765414743,-0.0039139203079841586,-0.007284551989584882,214.0,18.636446192830878,0.36863248206331584,31.400636936215164,1.0,0.04672897196261682,4
s4_005,0.4392564029317069,1.2621451642645438,0.535383437792525,0.6877094536669005,3.0228293306422453,7.327142540982761,9.15266817696512,10.121821094071699,19.75969427928218,13.78543052550465,21.028587277464496,0.01442866251414908,-0.7454623623038146,0.9998959014307703,0.02426171964432567,-0.016514790921734433,0.33392545766232323,0.16817318604738274,0.005333375815500316,0.001972941435116681,-0.06113645332891311,0.1532546389569191,0.0018773263177883782,0.000993119516523439,-0.11393091037734858,0.03894590851434973,0.014108816698792707,-0.0007492788146942062,0.020780783520193646,-0.01913118208352187,-0.0032527682147906484,0.004784859969625487,0.016126370118085324,0.032351142814265786,0.004935404626590109,0.0032567529294445555,-0.026577355631713675,0.031529695404360375,0.003986460691720465,0.002579565492465924,-0.005343951065380107,-0.0037135370544334554,0.0016113931784822952,221.0,20.427266843738078,0.34303687697767654,34.0,1.0,0.1085972850678733,4
s4_039,0.5053012781956139,1.6371349018911807,0.45084628626007267,0.7760606285756743,3.0220747934891565,6.725167465841713,9.217544284244953,10.073780090754962,19.721080707434655,13.436768508502535,-20.781424298582124,0.06730450975469514,-0.6089002544508263,0.9977324806613646,0.11384286040829242,-0.08849730722979418,0.23033995870577376,0.13194614130687393,0.02090356714835679,0.0533420318985832,-0.09776321251865272,0.08743961924649082,0.048530972742339966,0.05007582019660406,-0.051580492976703765,0.03453417941177548,0.02111909610010208,-0.009969309346669772,0.01366367205081339,-0.00820837174106072,-0.02153449432379848,0.00844240576776268,-0.009866821356651935,0.02457722154309958,0.021575823716674488,0.018334046506353976,-0.0075562889407421955,0.004695813356342839,0.012601214826557907,0.006675347633823128,0.0012526850432162022,0.0006911293973845149,-0.012184491720852016,215.0,23.350855481157403,0.3395684513427648,36.87817782917155,1.0,0.04186046511627907,4
s4_001,0.4793154266894882,1.4856636299060497,0.47867432752150313,0.740304137687139,3.0235056049536246,6.895706448593461,9.192635691178621,10.089760960474125,19.73207225827922,13.544002677238907,-20.876650577298996,0.05838523454703334,-0.6571791986246914,0.9982941271924262,0.05893504274704688,-0.042927643625083896,0.27641414013100024,0.14024170298555327,0.044508513011232,0.02380267590822835,-0.09295569762710805,0.1245219215099504,0.030026245090613465,0.03212910412675958,-0.08309830398680809,0.03202849416303282,0.0037302757510160075,-0.012140294307922407,0.024315144326997475,-0.0193014404080446,-0.009886788399185055,0.0007461953854719235,0.009901975868950322,0.03247595510521636,0.026113957911366253,0.019095712202794043,-0.016080626800236458,0.018775862637128868,0.011176441693155974,0.007489775464394149,-0.006875483949966805,-0.00015317210361945249,-0.010461494682689245,170.0,17.73424713044746,0.3493813133917223,28.42534080710379,1.0,0.047058823529411764,4
s4_015,0.46353714009592034,2.015836549760608,0.36376192589893874,0.7500280049288675,2.971018782027213,6.37849256120705,9.12059396833845,9.750656379770913,19.187105255188357,12.940076439345951,20.397185539887037,0.1278325956087352,-0.5055801147540254,0.9917957589644824,0.12048511597643877,-0.028911171522610177,0.2151013696317286,0.12413879425350931,0.0219268531375688,0.05968903700413084,-0.10836679994045528,0.09579365996831624,0.02180525139295323,0.016193680547636174,-0.04330737506586665,0.00941960392038193,0.0034729988826717254,-0.022943069671220704,0.01748209310284515,0.016458516459692586,0.0006094668626073786,0.020529285312752183,-0.01319013006887871,0.020498482613068244,0.02837306189998495,0.014351306671699145,-0.011824619024232775,0.003801167156110383,-0.006834806848242905,-0.008459762744001826,0.003275746035284664,0.004987422045278384,-0.00043406098931436014,270.0,25.500122203388372,0.3427863712936309,42.941821107167776,1.0,0.13703703703703704,4
s4_029,0.40910027342767147,1.2519930016168974,0.5275215412822455,0.6725220909187692,3.0136858809972282,7.338477058934145,9.212199133190246,10.352087872721306,20.14041396836472,14.057425191817131,-20.910107177351268,0.11394726343862743,-0.8825360818648984,0.9934867996882737,0.049876646767653965,0.04468155236188463,0.3527961546403411,0.18035024852197068,-0.023176132572500528,0.013951813373845304,-0.07897741995416069,0.22394012882419367,-0.007351395310053358,-0.017519030454954364,-0.15116468051890486,0.03848242910562832,-0.0016566368221680597,-0.011648147898534673,-0.0064508842593604425,-0.048146570147788274,-0.0028639790684187017,0.002222648725515578,0.010290943121561525,0.03030882073940382,0.006008112945580397,0.0050605816088819455,-0.02554834698755056,0.04817842592810518,-0.0025587412625569387,0.001393971122154604,-0.01176258775624979,-0.017898060132507908,-0.006616609244782138,282.0,22.85687498725382,0.32341314757107925,37.57658845611187,1.0,0.0851063829787234,4
s4_028,0.48112042364512686,1.3541124433528737,0.5471512736401745,0.7586154003476838,3.0548252296924994,7.17239705206051,9.277391519432085,10.465708243924237,20.384450452319513,14.13238676538974,-20.69186857631961,-0.004858928198593719,-0.73421513497108,0.9999881953387055,-0.09258539855868288,-0.009540814945756615,0.2851930905308243,0.16902107463946806,-0.0034138450928016596,-0.0059922851236839676,-0.07518879035616187,0.10080834884851049,-0.008858325331834276,0.004466939013769734,-0.07117162316592825,0.03275401730510473,-0.017125534479215235,-0.011367998920849151,0.047395891353192145,-0.005602401132206231,-0.011009271780107603,-0.004626147638622751,-0.0028798314035463715,0.04304763989416417,0.002949306752913022,0.005330307496756727,-0.031377739711936546,0.019571499616755354,-0.004007701214871751,-0.0031331736802842117,0.0018397558136371906,-0.010902403954380538,-0.012487425424254957,271.0,27.972343293618678,0.3504044049829996,46.238512086787566,9.848857801796104,0.11439114391143912,4
s4_014,0.4684531893674786,1.951865247986112,0.3584687914382088,0.743979601473227,2.9589760328696064,6.384858120263451,9.07150065676195,9.777692525964971,19.23194641273216,12.999404365348976,-19.649260406677648,-0.054152850630177767,-0.511374726788056,0.9985326578378023,-0.06756412349042887,-0.08093751199208131,0.21995994066367708,0.12125999272422036,-0.002008551616719848,-0.008384856399626958,-0.1444470411827213,0.09059951505193095,0.0082124353599352,0.011216514978931866,-0.05047467005016802,0.02869173145443584,-0.014951376255651993,-0.025370595994793042,0.02619714582495313,-0.0025402156675794494,-0.005189356938045215,-0.005954011656457206,-0.011915834423321314,0.03335382378882985,0.013262887114459708,0.0071148029910406444,-0.007059871066301553,0.0048619165062707735,0.0027756457081926367,-0.006529654161232312,-0.004127715946329519,0.0019749153886623877,-0.010103615277424061,184.0,19.54089180372699,0.3313336078648374,32.984845004941285,1.0,0.1793478260869565,4
s4_016,0.3780152045933574,2.366858542361228,0.2659426067323997,0.640167729536123,2.8592057776154802,6.0318682596353055,8.725413664858106,9.19460996181374,18.15559434794825,12.216019500781156,-19.32952397845063,0.09004614166674406,-0.4125005985170974,0.9959375946167173,0.08420247894894226,-0.05741348978498027,0.20974100281848368,0.1426293697862015,0.031215766715199676,0.05731381950740816,-0.13747403157351684,0.10440046255391612,0.023984823095775067,0.013087572201016199,-0.02304268236571813,0.0009167701544982329,-0.006796925879722439,-0.03216170001929257,0.021697168748957482,0.023867245200346394,0.006613290020108339,0.02075767109141574,-0.02127946901809758,0.02716482750177716,0.02662068803161195,0.014455026534857652,-0.017471237359233106,0.00024886140316727215,-0.008933736479478364,-0.007832277412921728,-0.0010484969536632201,0.005142932278597289,0.003986751649062897,244.0,16.03957870932881,0.38152930146527303,29.068883707497267,1.0,0.18032786885245902,4
s4_002,0.4453116868237563,1.8567105558110413,0.3809422810452361,0.719135017263311,2.975993974003408,6.470794555654867,9.047740513547735,9.591441065453905,18.911260460821627,12.82683888149044,-20.399979619749818,0.10390186351468529,-0.5125404387816738,0.9945875540937438,0.06339480059829235,-0.0032876794621923555,0.24224908374583942,0.11806502531163283,-0.04594876559276926,-0.0034241837488703246,-0.0973556374184312,0.1315457280574887,0.008480494833471918,-0.009780552779411516,-0.06334040880459765,0.01394674941344611,0.010044776043095685,0.01032185035318198,0.01922274135616935,-0.0026822871269126035,-0.00771982355510651,0.004594020670852261,-0.0012786397198528948,0.03996723834023375,0.002459917376435773,-0.0038157746090842003,-0.02065233364486859,0.01106596848270838,-0.0035423604450288823,-0.0022276526760834766,-0.003442335182153825,-0.008062726339638561,0.002359054960612972,354.0,29.25710795466574,0.44752486009729286,54.817880294662984,1.0,0.2457627118644068,4
s4_003,0.4440592570404076,1.3394669433125677,0.520794580312284,0.7053872053872053,3.0300274122806004,7.1527321958820105,9.255498872651692,10.668222469575218,20.728741686813226,14.278872743707323,-20.848857732263316,-0.18613552790119636,-0.8358331743065891,0.9825240787140755,-0.24494913930850773,0.0631801578753393,0.30915009218307177,0.20263282961232537,-0.07753007312526429,-0.08436452095576442,-0.08447805731048716,0.14265761096293325,-0.05917943884195622,-0.08825714692214405,-0.1016701752156361,0.005726095482764586,-0.021530614118074567,0.018110118628190466,0.024711909425474493,-0.020971545439622565,0.022875814706945146,0.004439941064302219,0.011151492131460349,0.03305346399109732,-0.027112642689723854,-0.03039389034391079,-0.017305738902885764,0.011987906514119899,-0.02424239305044083,-0.0033587819931826597,0.0012174113966529482,-0.010187055017936758,0.014711091393922023,189.0,17.427276570118025,0.35127120614543755,27.784887978899608,1.0,0.0,4
s4_017,0.3782780683701794,1.4758368872497698,0.4253730074550758,0.6472913961996931,2.97042988498849,6.802833118244575,9.071652888493867,10.141247398974585,19.761958627156694,13.567974802996439,-20.346089943660807,0.11651741670335107,-0.7578696281833179,0.9931886485480882,0.1015842883521876,-0.10869339211739537,0.314309304834897,0.21017598403829152,0.05027794374692191,0.045104245501216084,-0.12288228293035833,0.19594430595785622,0.061954192736840254,0.07619191917013486,-0.11737442327769658,-0.0017911958216173971,0.004354146629144001,-0.021298095201184666,0.01832991121406259,-0.0270324765756995,-0.025817517490222302,-0.007608559042524031,0.013830039711335161,0.04295830922899876,0.03373761842162384,0.0239457144596017,-0.01464597446188272,0.01679045779339003,0.022033502513930797,0.00686571068603977,-0.007154662783744539,-0.007898695146814095,-0.018281808856226593,295.0,19.34013452039388,0.3697566735744775,32.202484376209235,1.0,0.0,4
s4_049,0.48355339050053797,2.2207854270808056,0.34320263988734895,0.7781362932369644,2.9611209258843196,6.279425466396189,9.18658052191961,9.812739725716431,19.333112635074233,12.998114915160405,19.83293183095135,0.09523244319481929,-0.4718525301259176,0.9954550626538324,0.08661990047360664,0.07199533095469637,0.1765209082718921,0.09345971052350514,-0.0385067627294151,0.0053199201802500455,-0.12130703630078159,0.08837017476361471,0.01795340313374882,-0.014711004483429619,-0.03213405766759079,0.01578595048295477,-0.00297422227483871,0.02000575351585208,0.025363374286382107,0.015787378872649346,-0.001985914074122845,-0.004332151089129106,-0.02321082679779213,0.025936055626032323,0.0010826293974408759,-0.0004125943198822934,-0.015054141840521857,0.0010659595131695158,-0.001881546109877748,0.0038202052680744096,0.004149544213199452,0.0021157261602759224,0.0013565031337639242,356.0,33.706749738994844,0.3736100195040336,55.90169943749474,1.0,0.08426966292134831,4
s4_048,0.4100718369298922,1.2683605243475449,0.5308808764182988,0.664577709217123,3.0208020252530443,7.305603693882423,9.255529722696345,10.23504426339317,19.980333301725558,13.889473735823325,-22.493332241232814,-0.03994961563284789,-0.8519670367698595,0.9992016954603248,-0.06735180802101642,0.02289079882176258,0.3468701578192352,0.16428169484511654,0.009181749140667168,0.002920702054350752,-0.05749357248991368,0.23238880740442375,-0.006975183871323804,-0.004775892647580913,-0.14834917957533522,0.03560452670606285,-0.01780157304748542,-0.0025124828927709847,-0.011992927591167131,-0.04371431113759627,-0.00344393565525319,-0.001729522384873847,0.022672418153100133,0.024432733596762776,-0.003364841358493354,-0.0017744613203000401,-0.016918145428400595,0.04162258338219682,-0.0018439924984899165,-0.004369368875807754,-0.014207838847103018,-0.008678227905883096,-0.0003923493847591975,233.0,15.837949788170983,0.4336548473703994,28.861739379323623,1.0,0.14163090128755365,4
s4_051,0.22150817718054422,2.9586954273935677,0.22654737530012556,0.5375882221441574,2.8139322531237516,5.82718120311449,9.632834094922694,10.193684558820859,20.106948888558517,13.134572180692539,22.425714114826,0.23754387931227838,-0.4190541524507504,0.9713768091741092,-0.025508561230159706,0.010424116316407037,0.035753407340777574,0.035172474481795085,0.01747103355467982,-0.07929035097018908,-0.07099916937092819,0.16390119332820838,-0.01150820777618625,0.08224593269951883,0.14160251906799493,0.09485334081670327,-0.04972228817386281,-0.002960697760577108,-0.06765423177207641,0.04331448271858907,0.011286886108270257,-0.0008457173254720502,-0.0463282839059685,-0.0008276971257344228,0.021996925784977518,0.008263814790348538,-0.014133711579968006,-0.0013735604139414315,-0.029937005974065716,-0.007001040758392002,0.016565216626843113,-0.008797474124544626,-0.002387466178458729,1012.0,35.842832263904036,0.452981742227102,65.80273550544841,1.0,0.15810276679841898,4
s4_045,0.5405578979796879,1.3422064073537223,0.566020391922098,0.7670751077830724,3.06682731419064,7.220614872028894,9.42154934727074,10.436678066749238,20.5471287870717,14.953478180999662,-20.489320796240936,0.22499154844229108,-0.7397962588998191,0.9743607150996699,0.03862891298209701,-0.08472097854854038,0.274439153906423,0.10898865726759284,-0.0406562877936122,-0.02153262149388752,-0.029627903651998282,0.11651550999202294,-0.009873181681379501,0.02669926868999783,-0.08324438070886626,0.0741740482257144,0.03129238893897955,-0.015899374755610325,-0.03795871752315688,-0.01577039163349586,-0.021771350895031284,-0.015486381969770695,-0.012674857162227368,0.005020577740279432,-0.00823341486972111,-0.007504583632497931,-0.003916900367966534,0.010709777467787542,0.01443478866296253,0.003398529165872262,-0.010293442460597869,0.0064874382537026725,-0.0006227182664296875,179.0,18.558352463163015,0.44676373454252727,31.78049716414141,1.0,0.2011173184357542,4
s4_044,0.28025164691170507,1.404280495595352,0.3618827228145757,0.507794492296494,2.8861762742121866,6.743115397550067,8.57749049170503,9.269068185484352,18.19385877283603,12.655434297536779,-19.271811889712254,0.04868320399248201,-0.6206118864067189,0.9988142698465148,0.010766327031995933,-0.011638995303290227,0.3916780163435789,0.24716057746806905,0.013894598627626261,-0.0009686839646602433,-0.11940790052629792,0.1742849845504185,-0.004746117252129115,0.0024881679500717165,-0.08005955954136505,-0.004159229789100437,0.0013968874748620248,-0.0063973605111762475,0.053537862535942844,0.0043176713030303165,0.004152917145144978,0.005238285001704433,-0.007343957619280681,0.06958045936778509,0.0037995038518097443,0.0018131690452772287,-0.027210044949486763,0.003924395807057716,-0.001141948540471627,-0.0040789604957220255,0.0065384842187447625,-0.005028944027709388,-0.0017760129653424034,422.0,21.02224256618891,0.4643444017815524,42.44997055358225,1.0,0.20853080568720378,4
s4_050,0.3674731903597503,1.8746496760080962,0.32178493189639823,0.6262763959978395,2.9045644759944254,6.317473849176738,8.8062598174199,9.468303868661389,18.647500911642503,12.698754718514591,-18.983397688459803,0.2728542935736411,-0.5230055355716573,0.9620553697570786,0.0845023142886395,-0.09137357636496206,0.25541602696622934,0.20328000798609389,-0.06285537307141456,0.03905043617407787,-0.12386139938334746,0.12824753621841256,0.03984038518997476,0.024518278729115044,-0.062270035771232135,-0.010737585021014111,-0.00572306996753151,-0.02540514751524928,0.020179218577180354,0.025589761511758645,-0.02101843940365811,0.01764367128574405,-0.008751550390632492,0.03654638394682183,0.027404090050773443,0.018330704445538148,-0.023697531286409803,0.00106313534159366,-0.010021649981754251,-0.011300861921158357,-0.006924538628624917,0.004197348899382964,-0.014355941568668863,452.0,28.45526948625187,0.3890991866089521,51.62363799656123,1.0,0.15265486725663716,4
s4_046,0.33825291563238885,1.7961461312802296,0.318609032160808,0.5845710210536107,2.891747487251477,6.340277616993567,8.683446747832138,9.398459234649755,18.476712779990283,12.618074997112112,-18.84031511315777,0.1130665270620421,-0.5242925568483483,0.9935874196355994,-0.024250432546384967,-0.07542087112337001,0.28769218182486794,0.20890901415344126,-0.032615465337784505,0.025416231273793603,-0.14032408126264082,0.10363479881312906,0.012009465612548405,0.015518188946495558,-0.03923305136660953,0.006063727933791961,-0.015684147155233846,-0.03830479693061382,0.04563339412099205,0.023357410599586476,-0.014483166708883359,0.005396688887471357,-0.02413855829707529,0.042295746616938114,0.012806382265887681,0.004507176810764816,-0.01827998303571326,-0.0021598833664742277,-0.007851856346938496,-0.015277941333437095,0.0048329879824114816,0.006991909293665896,-0.005683289167464181,419.0,23.89828957140844,0.4170107845457272,46.0,1.0,0.162291169451074,4
s4_052,0.45895751636654,2.5178051402762067,0.32177924915877987,0.7705398019661426,2.949695141753573,6.175729023319358,9.432084424425847,10.108437123449093,19.88009010813237,13.197019874158533,-20.975918297887738,0.010052843103971492,-0.47749723075910316,0.9999494688960672,-0.012203997963727588,-0.009743939416294803,0.14296878098935825,0.13509832822322287,-0.00630367472928028,-0.0021498715950183543,-0.14314783267155395,0.07163071728087265,0.0049042557259060095,0.00295263320336454,-0.004881987947586557,0.0012855811927128958,-0.01042301243727155,-0.004014682906397582,0.021664151318044823,0.03298755482881181,0.00990789742439492,0.005289560308010098,-0.04519835096145984,0.016783576575470485,-0.0056118050442772955,0.004581538479455945,-0.0002709290225558959,-0.00870631940914113,-0.00315019261487849,-0.005974808681821486,0.012266999928593519,0.011637639655076854,0.0027111634365978273,498.0,44.36346275494563,0.3382485515302725,66.73080248281148,1.0,0.0,4
s4_053,0.39282893140172576,2.1601498670627906,0.319735182240983,0.67779632721202,2.9262127001475453,6.2305729258434175,8.941828132996584,9.46993232305809,18.675949937851403,12.586578825222206,20.275285948389005,-0.007067850723722701,-0.48197312305571527,0.999975022431134,0.043948831195432594,-0.005002938162899477,0.22649570292863536,0.15234013013159953,-0.004957257221949298,-0.005012753601918193,-0.12701373058276208,0.11789439963320054,0.011338356861468082,-0.0010671381305512964,-0.029640134523875126,-0.008055906227925584,0.013974670427582783,0.008575714125789828,0.030680819672965886,0.030609845328975344,0.0004854477615465395,1.1878907758731987e-05,-0.03584105366241168,0.038589822286941355,0.0021819774792686607,0.0023583556641532475,-0.019181079052177162,-0.010693683993158835,0.005117790648471572,0.0033536552373333354,0.017633536672969925,0.004285049530516367,0.0049693016443892474,467.0,34.534224561088905,0.37844534461323637,60.53924347066124,1.0,0.15203426124197003,4
s4_047,0.44500693319180146,1.3065135279652917,0.5134711456561111,0.6963396891033004,3.0160092479594733,7.198176513614344,9.067028981731466,9.965034487178587,19.506757596384258,13.579743587488426,-19.95726875841303,0.0965897603822337,-0.6805576581441207,0.9953242779061017,0.0535557627486169,-0.07006134500666253,0.32441244055966667,0.1776812719705579,-0.047854284522417016,0.002581020788276537,-0.06014263031900316,0.10729650817807013,0.022962884872780948,0.02673355454069156,-0.09412312630444128,0.04623064723192564,0.01979276466264313,-0.00948511110349729,0.017362969149775215,0.008141028685693186,-0.017222026705714075,-0.005958780368173448,-0.004800585032730137,0.020673299846799505,0.0006526314169902019,0.006526691348792037,-0.017366708093796975,0.01620023672604362,0.010448468717461497,-0.004986345807603659,0.005147871520897505,0.007144148649360291,-0.003665842085121515,295.0,30.047474819992985,0.39975341536796044,52.15361924162119,9.219544457292887,0.2033898305084746,4
s4_043,0.41765394091046815,1.1577750735872703,0.5715083291926333,0.68252239592482,3.020722907887211,7.71595287140814,9.270240650577762,10.740198502436348,-21.221847931687204,-14.598963734230608,-20.771080920408448,-0.48657591035365994,-1.0689632837810317,0.8736383024246974,-0.5556134795144425,0.38974378723722675,0.1413655895213665,-0.0915303282346057,-0.2238592365789284,-0.013527130323928138,0.00578703652592148,-0.13597751271784314,-0.19698360776174517,-0.09406938461448296,0.14177552209323924,-0.07581646951883642,-0.06552080506225122,0.031797005953092004,0.030273971218458363,0.054846013990531656,0.005622109912028437,-0.006005668496437607,-0.017733530475477238,0.012234415332499924,0.012020228971021263,0.004717206686592203,0.023823744294010837,-0.002472277884879476,0.043298936972351154,0.009673363983881465,-0.007446062608742794,0.011336199751502943,-0.0015930202970963687,333.0,29.554371770889883,0.24785659742650595,45.0,10.0,0.0,4
s4_056,0.19560609493313086,1.4531500805240962,0.38099705147080104,0.5434145215283389,2.918302534366108,6.730652839329757,9.822988261820278,10.38447264245174,20.57297122801401,-14.35004180969182,-20.73347096080265,-0.6753211786345662,-0.9675689111848114,0.7375237661849416,-0.21560408958444616,0.2691128377776208,0.12320858067770712,-0.11017615514585405,0.4286769838782132,-0.09300649347212789,0.05108064805034371,0.18606892510687628,0.4434197807269506,-0.05873627722036861,0.07728653564650075,0.06462749357731405,0.11913883686280688,0.009264414641088922,-0.1206810926800428,0.04177552506791861,-0.07244160286522432,0.05644181734066351,0.08517334499592277,-0.14522994319996171,0.10308127321525799,0.011477775397806417,0.03401018419273572,-0.0041472429680853035,-0.014807029962112177,-0.022526184738881006,0.011147175488672962,0.002798237935334376,-0.005563243812325868,1076.0,35.253648246155166,0.4472538784806311,69.65629906907199,1.0,0.23513011152416358,4
s4_042,0.2525966936533067,1.2932116215864653,0.3904040767334784,0.5607934948781766,2.893702724610637,6.985956544578988,8.73895468159381,9.798820193485032,19.22535563135762,13.35904536980322,19.211316503287133,-0.0835462046400344,-0.9001853934579178,0.9965039045032617,0.1503326448891132,0.036982064890660346,0.4379423218439829,0.1930403652033187,0.33410210089095266,-0.018272892702916183,-0.09967997194487703,0.2423481162096253,0.18288785314187636,0.08795637391593007,-0.051760318497733604,0.08063903885402793,0.011584199023745943,0.07717164902433925,0.030071108700641513,-0.09660359994105926,-0.05399168438536909,-0.024043932407067554,-0.02695903663820305,0.008666840277051663,0.07292617037862893,-0.0037609591743903905,0.005187822338539149,0.02036531686704343,0.0495260372156678,0.028099307415193977,0.009173244948541924,-0.026407110079241472,-0.01566062929792227,1028.0,40.12126968955576,0.4319107743322013,79.64923100695951,1.0,0.0933852140077821,4
s4_054,0.2794496215506435,1.257064499732399,0.4341202718749458,0.5132734003172924,2.930419985689986,7.156978318242139,8.786988142883946,9.817647386072851,19.16902028420176,13.476400492161853,-19.46706609352537,0.062172288582341285,-0.8519754425017197,0.9980654319895235,-0.09430672918808246,0.12388239397533718,0.4175608647490452,0.2545084910596065,-0.17105309891907794,-0.018350572290493902,-0.08721643752474804,0.19351874820683,-0.08898591056809381,-0.0594644147299479,-0.1100468756510768,-0.006192461280220066,0.0013283300173725558,0.033124515499878826,0.05049506336237202,-0.020134988647205154,-0.01495902886545729,0.016178870262261242,0.0003035534098396059,0.03679975478904804,-0.04756371461900124,-0.028069160943117937,-0.032807141447122296,0.00973315359570436,-0.025276671408930435,-0.0010499183684845143,0.01007333294184621,-0.019144419815512955,0.001073035876723745,335.0,15.446400081617224,0.5107186427782111,32.64965543462902,1.0,0.23582089552238805,4
s4_040,0.4000550287880271,1.4017672698244696,0.48838075517919305,0.686050061050061,3.0158428266336244,7.0067098823866685,9.185763626067077,10.043004373873224,19.6812909366349,13.57501528676645,20.148384961773658,0.2849819227169754,-0.6705678297437697,0.9585328913107446,0.3134737297949202,-0.017601386862177364,0.3183979301361515,0.17351899824636094,-0.02286188158526185,0.07897716356650865,-0.05671006114644208,0.17955406342437577,0.06780515668138597,0.03543515491992703,-0.0845416872065931,0.0029155911925350703,0.02492756649772242,-0.006774960390990236,0.02649417387070414,-0.027234693296979282,-0.015371812414761989,0.01136688872025466,0.028040526541870815,0.04480284277553697,0.029419192538273273,0.01601395259867488,-0.010509234672976844,0.02715929119071069,0.027380797348027126,0.0027559221048071366,-0.009068708389094994,-0.01147646254478191,-0.013657505753129249,277.0,17.41682357739719,0.48156516547181516,33.95585369269929,1.0,0.18772563176895307,4
s4_041,0.36192579879489145,1.7132319362066863,0.33853359684552053,0.6021978021978022,2.908021343085316,6.4325328826873855,8.742382726632368,9.320676432775024,18.359634080983362,12.561221925316321,-19.088848667165102,0.2643115015269129,-0.505492917560178,0.9644373645605963,0.16728187013581283,-0.11338637614388884,0.27848319827372686,0.1918264908582026,-0.029502619650138437,0.06041034237212793,-0.11333521687305527,0.14049008476219965,0.06325095621861637,0.03612529140189925,-0.06689672709039207,-0.005428403568596787,0.008146861058131904,-0.035864283344067126,0.018394293308593424,0.01675578228631384,-0.017898892410444255,0.005134722670017382,-0.0018130808902463052,0.032269577479402546,0.038826021688901875,0.027753944699513592,-0.02403508943064518,0.008659447085387618,0.006308672137138725,-0.003061948133373949,-0.00932408158839119,0.003362210829180519,-0.0066555993566314005,270.0,20.09855168432944,0.33501337722660957,33.421549934136806,7.0,0.21481481481481482,4
s4_055,0.3431112735993135,1.9107741635980457,0.34004900484080725,0.6036361634989359,2.9321585270247703,6.352582119461606,8.919172815486691,9.62450669787361,18.896354148506052,12.801665702648705,21.12165271477561,-0.04981171572526148,-0.580269021220595,0.9987586259835285,-0.021380973963573417,-0.027880362189590578,0.2832977286391949,0.21885003121444166,-0.007660194452681476,-0.007849130812488015,-0.1379522338159233,0.1325261834016205,0.01510454330408598,-4.92914370508661e-05,-0.04655900081427791,-0.020894499488564693,0.0015762342949381706,0.00032015846395379576,0.05601329146062332,0.03289420327039784,-0.0029915041991217723,-0.0040075598714518585,-0.03218057155079851,0.05147080837931236,0.005446968327171196,-0.0006218319511362738,-0.02949910740018359,-0.008193020493522796,-0.0011506098290517816,0.0002637042942263918,0.021226832304262554,0.0017735795335076345,0.0026246415171364973,539.0,32.09701407481682,0.4446123178533728,59.033888572581766,1.0,0.16512059369202226,4
s4_032,0.5372793314527785,1.106752507401459,0.6683451779129334,0.7825307585757354,3.071541179360753,8.13372057714166,9.333941362551743,10.822333074745599,20.972548304103157,15.2312603977167,-21.174989100818756,0.23348002183498465,-0.8561075490896656,0.9723615990998077,0.15837913918033755,-0.05375793849314284,0.3032662521668903,0.17505946472859574,-0.0328524079093232,0.005308856716171984,-0.019320128325123868,0.08798544310174708,0.0004884740092176974,0.04226670300848451,-0.11145650781897638,0.07351503076390965,0.03448134077213413,-0.003517919186520927,-0.01655303832427509,0.00016805563772840764,-0.0033941595916563926,0.0013121556690162978,-0.0129054407559345,-0.0030298486511807113,-0.007086531548759604,0.01822051151740385,-0.016480177673665518,0.015319662754520272,0.011580873522368735,0.0019378652536796064,-0.0038371436701802922,0.001733063601582277,-0.00438320866094352,205.0,23.652932578903425,0.33559050055808126,37.73592452822641,1.0,0.05853658536585366,4
s4_026,0.5028767942013308,1.4142307028746668,0.4984748692888098,0.7610074288820439,3.0273055626534835,7.008825562306238,9.199506670157147,10.501654589973027,-21.105382079893232,-14.284161183112289,-20.359110939890563,0.18528190253435814,-0.9460918771488828,0.9826854107969899,-0.17342040893876637,0.14073532670294503,0.26319582551195475,0.09962060467684668,-0.20153181086622363,-0.048957758576607696,-0.05217406922835583,0.047021052284616345,-0.0938518814969386,-0.09668345214160821,-0.07814434974648715,0.055769734747644316,-0.033161747764799875,-0.009499588023272443,0.029821115751744936,-0.02468182130601207,0.01168911326820256,-0.0003687634359931308,0.0076331308749230066,-0.017490652627572496,-0.010899715562880182,-0.016371261808395397,-0.0055663582846712,-0.00024468221240459226,-0.02777034450771371,-0.002565449325529699,0.01514726690973708,-0.005705181047088842,0.0033266265860980855,144.0,14.576242085484516,0.3218243875315759,23.259406699226016,1.0,0.034722222222222224,4
s4_027,0.49373751204694677,1.866617376626281,0.3884352260757591,0.764418989663967,2.985488434233412,6.4839642785383695,9.147028159777983,9.918030772896138,19.451412510520395,13.163228406162782,-20.65407446460914,0.23960713015916854,-0.5085224446741321,0.970869931132326,0.2819749465996908,-0.1080303621050414,0.1930167628747376,0.12030951203583523,0.047983473470307764,0.10970560418840887,-0.07972136217848777,0.05810932023708376,0.06153376891474772,0.05687133505471462,-0.021279929382020096,0.017674038988600933,0.028331622213143018,-0.027083236537081137,-0.0012827556956237095,0.007563261427602457,-0.014910585206766523,0.014075036388688546,-0.00037432212559667055,-0.0018972226411826637,0.03817434703597581,0.019202191480706194,0.008341473151262354,-0.0016336782759422625,0.006805219314116476,0.007414678327256296,0.008240839214699876,0.010218853482330776,-0.005802590742851939,278.0,29.157894179436944,0.3432512166555484,46.66904755831214,1.0,0.07194244604316546,4
s4_033,0.2965751710941957,2.3044552235159506,0.2517215783936903,0.5755898200228299,2.8317423126802352,5.994555982403901,8.633346590652135,9.165883304921884,18.06559299048853,12.163372840962722,19.74566117670665,0.13177507203713557,-0.4467914772744586,0.9912796428806595,0.18304002143357523,-0.060828696643199766,0.24392856094871238,0.21239436708212622,0.07665198374628199,0.0865380124881391,-0.1389569198084558,0.11481447364687575,0.049325933015768104,0.005625327026434613,-0.00713955921409585,-0.022187238046551778,-0.021966154229027417,-0.024204823741954082,0.020334884847579754,0.034395386331882494,0.036081035889303656,0.03722458245896181,-0.02447824364805124,0.025803825540875593,0.0435038755023359,0.009739804635010806,-0.003109438846756884,-0.0054809266891466665,-0.028969794675670093,-0.006546198894245663,0.004214037642676901,0.0020760345204889506,0.018549201373788484,945.0,52.764561911811924,0.3499050690487923,91.706052144883,1.0,0.1365079365079365,4
s4_019,0.503863507123029,1.376501485371842,0.5638494805394193,0.7851275399913532,3.0728545842017545,7.165523627750907,9.46915600975751,10.786053554475908,20.91618166257101,14.406259364046738,-21.882309256200134,0.14360985203208942,-0.8288215970114218,0.9896343821832997,0.044069252751593256,-0.013318544812750892,0.2509025294607668,0.16854460584663547,-0.043260526423216816,0.03698833363630169,-0.09586696279360066,0.1542835342015189,-0.015043684786430249,0.008531377524338113,-0.09223021157873172,0.021593044234238853,0.009122729326008844,-0.0394348500420034,0.016138335569507316,-0.036519707318962556,-0.02858941986459164,-0.006427687137045608,0.004928865573338944,0.04998837172949193,7.003301506858727e-05,0.008386927650876048,-0.031130890962461404,0.02745714069549771,0.013614632767060581,-0.004667670353499923,-0.013584200229659844,-0.01815427396072594,-0.007401419280834689,248.0,25.59779393847432,0.3513015255683834,41.10960958218893,1.0,0.06451612903225806,4
s4_025,0.5490646594756718,1.9233409025040515,0.44601679711082415,0.8406246127153303,3.0511861473531656,6.583944513221886,9.593816954454054,10.41903245474568,20.42911526366684,13.713103777449687,21.314032758384588,0.1688399339878673,-0.5908496152786198,0.9856434835633889,0.10972344487889098,0.030418462356900593,0.16473343872434182,0.12531426421801095,-0.04994481151445106,0.013133191574545785,-0.09929075743055094,0.07619446493135759,-0.0032683827997299995,-0.011960627984495743,-0.025290304512883797,0.011437588910472784,0.013684320882272153,0.007422436698444303,0.015839529140790638,0.024293038373082394,-0.01855484351150643,0.0009154533773822761,-0.0310784704157038,0.02246194694316408,0.004629855075216252,-0.00802454937913959,-0.009876907973773032,-0.004835958842388003,0.0036930870106074466,0.005920579542496079,0.010046170959154305,0.0037782511587883456,-0.003907581850667133,181.0,19.051247243644493,0.44755818452292456,33.0,1.0,0.13812154696132597,4
s4_031,0.46188279526129544,1.3864871476441427,0.4828858787732519,0.7110362257792755,3.0076945210848067,7.017064179817007,9.07048121137602,9.949708112391557,19.46460893525494,13.466004767062062,20.28967942370443,0.13124638651578516,-0.6642282834196844,0.9913497798590308,0.17251436547322438,-0.03691250191369935,0.3124020321148062,0.15836679807407886,0.014788819846536946,0.029394274846245343,-0.0771511898941803,0.1215860686173606,0.040572066757168575,0.024327502997543257,-0.10237447572309738,0.04526122916947894,0.024161976460036618,-0.009898161715242784,0.01212915850459564,-0.016404297607154016,-0.011590085195063422,0.004060221015207996,-0.0008837602843330994,0.020140043191469236,0.025733772328711203,0.01771450985996291,-0.016409080124082886,0.017864733098371482,0.019792604155873597,0.01023857834327358,-0.002088568577182637,-0.003797895336222421,-0.006937773362604083,263.0,31.15029483439795,0.29206044082010535,48.16637831516918,17.08800749063506,0.030418250950570342,4
s4_030,0.39028839593375503,1.391579148992733,0.4959036939776879,0.659998654436994,3.02033431329046,7.033317793612204,9.361445432077275,10.163797155472938,19.92679430034401,13.739286280051546,-21.307475595024716,-0.15690394736684582,-0.8686336976210712,0.9876138675113377,-0.2940741198566923,0.13730948183038816,0.31622020075530255,0.14922897830438409,-0.002714138902288629,-0.018681738232709875,-0.02982431040169377,0.22707516107006992,-0.17467786536649654,-0.09411804552259982,-0.11357040801572041,0.014868807147086447,-0.030967258272417676,-0.02877027741082624,-0.016194885211469334,-0.038608165011830196,0.035047913804358254,0.030089944612601543,0.004299437926836901,0.01078339098252653,-0.026921906808621207,-0.012056367697964176,-0.0030707557404458636,0.011069227866600743,-0.043342769347414926,-0.016289591385951357,0.0016383955199409546,-0.010382739900559927,0.000186366907397058,494.0,32.289119185686936,0.46932408634138656,61.71709649683789,1.0,0.1700404858299595,4
s4_024,0.4540546119399471,1.193868058125089,0.6271405329884358,0.7560292656489929,3.072258364386826,7.656621631226379,9.428455340589442,10.52608161554332,20.52124952468668,14.36172531383727,21.054195879713678,0.35012481631576364,-0.7692679973074708,0.9367030548684321,0.27595398172401536,-0.01416791353314662,0.2928684096978958,0.15084972740783537,-0.09599853249959235,0.08222125980548338,-0.05721514456906583,0.18848780218036637,-0.0065197936662435155,0.03403917909192313,-0.07395707737806267,0.05047413036298943,0.04495937973574412,-0.030958661405585796,0.017980032458135623,-0.03995933283133289,-0.01788913263573328,0.010041584284476403,0.013919054356385243,0.025340177075538935,-0.006976717569210746,0.019069989097757815,-0.017117863150573624,0.0515621094931614,0.00845609591224759,0.000314310092726644,-0.015402357225373099,0.01037014507364585,0.0012147479491574418,261.0,17.90293086358139,0.4523129461100744,32.55764119219941,1.0,0.14942528735632185,4
s4_018,0.4471940568257338,2.086216055943173,0.33976017685664306,0.7197102876028408,2.9471008459276935,6.30059708224316,9.046831230610538,9.675190696408972,19.03976425373224,12.833426262935973,-19.930474524561948,0.08108185354834796,-0.49929727519295064,0.9967074460568479,0.13705144560660779,-0.10069609336608178,0.19261422943673787,0.1316334588735062,0.04267036379725169,0.057577622530642476,-0.12068604168832939,0.09090795402865845,0.04634314625488232,0.02752715386193195,-0.03544947435714735,0.0018349502788050675,0.010143408691672698,-0.019467011644560737,0.015234003448257843,0.01466893560891862,0.0038549813768035605,0.03064768592417905,-0.018403631241997957,0.0163731596877976,0.031602674165685046,0.015612325881951267,-0.012281968748868869,0.0008100659393208919,-0.008657853654408252,-0.01215282477183462,0.0016673928072133924,-0.0026813545454906383,-0.0005183628961928483,229.0,22.206688310827527,0.2868584740176579,34.132096331752024,1.0,0.08296943231441048,4
s4_020,0.25199878517556573,2.5870111319899087,0.22587866259497663,0.5537033968516984,2.799147194987396,5.859818299098372,9.379647035425,10.2309345061268,20.097811522377647,13.207404291983538,-20.33992639733966,0.12013898302543852,-0.3633650701669691,0.9927570824514995,0.12434714351366791,-0.0606416520215775,0.06472712798828718,-0.00023782013389214742,-0.01147383778802325,0.14156572129881329,-0.2541510737246728,0.03271815038267389,0.03283517518838094,-0.017437912076775013,0.039483793449059376,0.06861969180780773,0.018103875107798765,0.003705453771969529,0.011701911726099691,0.061282994015468925,0.03292883599365095,-0.00989425332131008,0.03498684415090869,0.0008034326854602002,-0.003646025773662445,-0.05495684733408277,0.040121533690075324,0.007462583394169164,-0.011251983245055318,0.03282630523647872,-0.012075166836627297,0.014301293653422685,0.02661929621735299,425.0,20.908531718840234,0.3144661080372997,34.058772731852805,1.0,0.04,4
s4_034,0.47797241881638136,1.4367176210253114,0.5080669526461025,0.7362953910614525,3.0401027403284915,6.998815817403077,9.314065996123146,10.214271385703524,19.998318852965348,13.7282703222133,-20.50748597887702,0.06642353413745711,-0.7216320515287614,0.9977915183607695,0.03277685405535777,-0.03431767203957635,0.2772804809894117,0.14237543212153947,-0.019987717462323733,-0.01886332752737552,-0.0738543285963543,0.1502932289151949,0.024636319717944315,-0.005064796958645177,-0.11597984026887784,0.026272525838873753,-0.006453180952549949,-0.014461096196747281,0.007689587098207972,-0.016357304797632432,-0.006449232849813901,-0.007690250583462249,0.009409350842334439,0.0241378141882843,0.012391915707629793,0.012294904646625941,-0.02615393793048659,0.030140667402039897,0.01166016137480576,0.004320985230211753,-0.010827136229110522,-0.004521179326329653,-0.009215615461854454,252.0,18.22795453617864,0.4751951243997469,34.36568055487916,1.0,0.1626984126984127,4
s4_008,0.46138266301641323,1.0093616259893863,0.7168959097498436,0.7373344257817834,3.064204087101318,10.189780671696868,9.511140682946772,10.890681196868425,21.25387829861986,17.04009100551505,-21.230941386464295,-0.831891118483805,-0.5956094979648787,0.5549388858133515,-0.8327290819524065,0.3462740420726981,-0.07985553905885862,-0.04676316432822454,-0.103662119883849,0.027963353042659435,0.043396227772983915,-0.20782368573935575,-0.07994284474534882,0.09093075072309073,0.11717870843264046,-0.09257653195638253,0.07687853270600119,0.049676703977579596,0.009768375415928269,0.005510781674509087,-0.0635039491637064,-0.009268594045261624,0.002416569380594416,-0.009870862798929854,-0.0056079934725398505,-0.005354241887453625,0.0013731846622740097,0.03982790259491404,-0.00028044304744143003,-0.008840696477530677,-0.00821453896088346,0.002554810512300995,-0.022646535008528323,250.0,21.831645406480174,0.3471022660575047,34.655446902326915,1.0,0.032,4
s4_009,0.5085498236951422,1.4857451355641718,0.5060407630547797,0.7531116477800484,3.0476658279407967,6.943918244248581,9.317406126827693,10.301184559552937,20.119997388788352,13.794884179044928,-20.79433729834107,0.014224548290126777,-0.7012791825384578,0.9998988259948813,-0.0632965921090815,-0.011316835469869472,0.2623070778116108,0.14661960429187176,-0.01216941052818338,0.008845006247801386,-0.0806522622068958,0.11224933889405769,-0.0025522573886753016,0.018446494013785886,-0.09526096560151526,0.0256500553209032,-0.012603002373585933,-0.00930112344694378,0.01609156831473131,-0.007437801551760309,-0.02072028573137156,-0.01218828406730805,-0.0016065868328456684,0.029126221186876154,0.004416052328913206,0.003002525248792387,-0.027518258636748495,0.009093514784654644,-0.002564204711949471,0.0004938286174199583,0.0007665656158956175,-0.0065825172725813156,-0.009668179126568179,215.0,19.800065930465493,0.42294479014004743,34.92849839314596,1.0,0.16279069767441862,4
s4_035,0.3880866048575857,1.1453202288465172,0.6104029054211125,0.6984020987359886,3.0452780499711753,7.830804596698177,9.463256240356044,10.29899815699532,20.270425590209708,14.510551182272614,-20.414245808221885,-0.027138622343971908,-0.8925479492704671,0.9996316797587355,-0.14715540864199794,0.10464229425438083,0.3567799914089866,0.07564433854663744,-0.0914991709752997,-0.02938637423074679,-0.04251776059880583,0.26538400764132947,-0.1342140524474888,-0.07969137592186243,-0.076878027644887,0.09229070793489533,-0.03742374354519153,-0.00937826825601759,-0.0002819365350263547,-0.07048551544986899,0.022139616989770305,0.01435681776142847,0.003935687162793654,-0.0004165764339665619,0.003252927216894004,-0.007125721202350785,-0.006307977755669818,0.04204918968124394,-0.05819899167524635,-0.01275952742116001,-0.01103800091616888,0.00486828052359405,-0.021804908355985756,335.0,22.78015941460457,0.40126065359366825,39.59797974644666,1.0,0.10149253731343283,4
s4_021,0.37407965701557416,1.3953169265166225,0.43320353465642497,0.6358994814519345,2.9624209882321,6.910958735380902,8.971479448476906,9.847116328333962,19.27795776111522,13.312459925826255,19.76881551910156,-0.10104224615743726,-0.7300908637612364,0.9948821359796647,-0.04318650988414851,0.04281394600431201,0.34795355158266883,0.20213868733851087,0.04194888347446664,-0.01593664706666059,-0.10268092099178902,0.20331227937870974,-0.04144704630925996,-0.02402723111291959,-0.1228686921628701,0.023751885901416223,0.003012381190597872,0.014959402992029589,0.00868011408674829,-0.03833119421718523,0.02295542008206791,0.008828097530706371,0.006236248863578363,0.05208819389828018,-0.013592546195694104,-0.014789574712208826,-0.016600186763438413,0.03023274565925179,-0.013702522794562244,-0.0015375970241083773,-0.010575740535973866,-0.01393026169000722,0.013198670030751853,255.0,16.370356714655284,0.3879467023394299,29.0,1.0,0.16470588235294117,4
s4_037,0.4254335949789313,1.1791524648241134,0.5844125473219044,0.6826255734619456,3.0371388250261355,7.6481981958699565,9.322028031236758,10.541083728513458,20.472850428592682,14.371360642465671,21.979166053041585,-0.07525868147192541,-0.9394855490955002,0.9971640441086448,-0.05979536274754887,-0.04964115233087412,0.3408670941757311,0.14615462590838585,0.1172892955870781,-0.0010068034747105598,-0.0633893032357948,0.21251825654902604,0.10388833959215124,0.07127531818703119,-0.12628054859718696,0.0706937025760238,-0.0069925789150115,0.03576009084641808,-0.008656422712845373,-0.04924033138173343,-0.03947500396994538,-0.016687552120381116,0.002988838497546378,0.014281325549332284,0.017142813333920925,-0.00048798138394339885,-0.01919473806342478,0.02988671101839333,0.03404288451324381,0.02287364769114268,-0.007590866427179277,-0.003321316015508987,-0.00933618579065529,268.0,21.7869534867929,0.382059755709136,36.124783736376884,1.0,0.06716417910447761,4
s4_023,0.47220871739305875,1.3989187733246267,0.4866399046881598,0.7233882116375518,3.0136952927636704,7.007285483179064,9.151825862902665,10.140236288366948,19.800132970242196,13.646160853412555,20.390571004487423,-0.08381810283776103,-0.7024744053455259,0.9964810713890547,-0.062192468644316296,0.05582112641803988,0.29637247316738197,0.16468572460287623,0.047163476915171317,-0.007390658713320558,-0.10432686691906759,0.13333336548188973,-0.028547047151025857,-0.02355586229635695,-0.11322363072531727,0.04047056931084851,-0.018657147881278032,0.000848160506951894,0.011745874444054834,-0.03162570732732881,0.018544157719554033,0.00789226117678498,-0.0022153481295960403,0.028654313884506764,-0.005701319795016152,-0.004684840311735412,-0.022343448693438763,0.02685858760176217,-0.006130178162999092,0.0015004468304126246,-0.011889976669145498,-0.013041192160656087,0.00035670102345273396,161.0,17.07749156982281,0.27684999136675686,26.0,1.0,0.055900621118012424,4
s4_022,0.4433791304724231,1.2253109655398868,0.5988609318054724,0.708159571956881,3.0613877845135398,7.518791259462197,9.530631659070252,10.485410326814437,20.493825181374543,14.389424584169435,21.8643335484155,-0.021401828913441136,-0.9454638311923291,0.9997709546286889,-0.13726786706896965,0.16990772036961366,0.29562935799680523,0.09163172106906115,-0.05376188650835583,0.01819988195924459,-0.03992159632323012,0.16110591860357387,-0.18571164832982068,-0.09137334909678935,-0.07571553808922647,0.06433902706463701,-0.053450703286980275,-0.047014626159421556,0.005720960858554479,-0.023278394801809644,0.04656902968806967,0.023811835942240164,-0.006985416583189926,0.0007214947168797858,-0.00601082725266645,0.00033981139785983614,-0.00826143173293723,-0.005994293867025925,-0.049324568658011214,-0.016984567301879236,-0.0017259334827227227,-0.011515205844831405,-0.014037667293151717,246.0,19.104571799828264,0.44972843022859704,34.66987164671943,1.0,0.2073170731707317,4
s4_036,0.49009646269681933,1.2626092962825235,0.5849990146375578,0.7426905673512009,3.0614426632723686,7.40304696233551,9.397388108972747,10.950973851491938,21.1325283211229,14.727203669737486,-21.8633717719451,-0.07494925192141716,-0.9076140622586139,0.9971873493162756,-0.14749243372756557,0.04575562824551201,0.28722804982896316,0.18810092349435048,0.002687020245653822,-0.012642829578107553,-0.07936575127463968,0.15116263354255954,-0.053905573111284556,-0.03591607783349216,-0.14345460603709767,0.037101602740968055,-0.017706144514363496,-0.0061716896590580704,0.008365259467845805,-0.0456987085509857,0.007475007810162939,0.009889931542840836,0.02321840870445807,0.023809064187364767,-0.012253861662523029,-0.013066343581590568,-0.016947365452962798,0.0327521731821447,-0.014121022349741353,-0.010006297196509816,-0.014222108881777306,-0.010806506641536052,-0.001441013231429394,213.0,20.180554350822405,0.3600407711946036,31.76476034853718,1.0,0.0,4
