artefact_id,image,area_px,perim_px,width_px,height_px,circularity,aspect_ratio,roundness,solidity,needham_L,needham_DE,needham_LB,needham_WB,needham_W2,needham_W3,needham_WE,needham_LC,needham_MO,object,material,basic_type,suggested_type,published_types,site_name,admin_region,country,longitude,latitude,length_mm,blade_width_mm,butt_width_mm,weight_g,discovery_year,hc_recurve,hc_flair,hc_flat,hc_round,hc_pointed,needham_number
1002,1002.tif,55535,1138.39906,229,400,0.53850232,2.48909261,0.40175283,0.84310645,400,40.0,331.5,99,123,170,229,337.92,21.0,axehead (flat),Cu alloy,Iberian type,Iberian type,Iberian type,,"Devon, England",GB,-3.77813774575687,50.6915715945863,169.5,,,601.0,<1876,,,,,,
1004,1004.tif,64498,1156.36457,260,400,0.60613108,2.09048537,0.47835781,0.86648351,400,58.5,286.0,124,146,203,260,294.332,23.0,axehead (flat/flanged),Cu alloy,Class 4,Class 4,Needham1983:Class 4Ac,,"West Sussex, England",GB,-0.190436993833288,50.877935326498,83.0,,,,1887,0.0,,,,,
1005,1005.tif,73761,1199.4184,298,400,0.64431056,1.76486014,0.56661714,0.88394221,400,83.5,304.5,115,163,221,298,318.095,23.5,axehead (flat/flanged),Cu alloy,Class 4,Class 4,Needham1983:Class 4B/C,,"Devon, England",GB,-3.74700941138621,50.2333555883317,,,,,,0.0,,,,,
1006,1006.tif,42198,998.399062,158,400,0.53197767,3.36456759,0.29721501,0.90304632,400,58.0,315.5,79,101,120,158,318.045,13.5,axehead (flat/flanged),Cu alloy,Class 4,Class 4,Needham1983:Class 4D,,"Kent, England",GB,1.28845908659107,51.1764207379893,92.5,,,,1960,0.0,,,,,
1007,1007.tif,45050,1163.63665,239,400,0.41809009,2.80107203,0.35700617,0.71517586,400,77.0,304.0,73,93,107,239,315.308,50.0,axehead (flanged),Cu alloy (C),Class 5,Class 5,Needham1983:Class 5Cb Reepham;NorthoverND:Long-flanged (Arreton type and cf),,"Shropshire, England",GB,-3.01915657986708,52.9049062881662,122.5,73.0,26.0,407.1,1849,1.0,,,,,
1008,1008.tif,62421,1159.87929,264,400,0.58306235,2.019985,0.49505318,0.89448871,400,44.5,337.5,86,143,205,264,349.175,17.0,axehead (flat/flanged),Cu alloy,Class 3,Class 3,Needham1983:Class 3C,,"Nottinghamshire, England",GB,-1.11897636932548,52.9078131659081,110.0,,,,,0.0,,,,,
1009,1009.tif,44129,1088.60721,230,400,0.46794147,2.6913688,0.37155814,0.74385166,400,66.5,302.5,74,88,117,230,312.52,41.0,axehead (flanged),Cu alloy,Class 5,Class 5,Needham1983:Class 5Ca,,"Greater London, England",GB,-0.324304464430212,51.4453564735082,101.5,,,147.9,<1909,,1.0,,1.0,,
1010,1010.tif,43856,1031.7544,179,400,0.5177096,3.2017488,0.31232931,0.84715609,400,45.5,315.5,88,102,124,179,318.861,21.5,axehead (flanged),Cu alloy,Class 5,Class 5,Needham1983:Class 5F,,"Kent, England",GB,1.11784643481245,51.1811411188004,82.0,38.0,,,1966,,1.0,,,,
1012,1012.tif,58168,1110.34019,213,400,0.59290058,2.54827859,0.39242177,0.8794545,400,42.5,326.5,120,146,142,213,329.885,26.5,axe-chisel (flat/flanged),Cu alloy,Class 4,Class 4,Needham1983:Class 4 (axe-chisel),,"Norfolk, England",GB,0.480141120838414,52.4863968761695,60.5,,,,<1977,0.0,,,,,
1014,1014.tif,60753,1108.82547,225,400,0.62094224,2.30423027,0.4339844,0.92760461,400,54.0,327.5,107,146,185,225,332.863,12.0,axehead (flat),Cu alloy,Class 2/3,Class 2/3,Needham1983:Class 2/3A,,"Kent, England",GB,0.261356997359691,51.2767452026665,133.0,76.0,,440.0,1947,0.0,,,,,
1016,1016.tif,45475,1070.8671,208,400,0.49832356,2.81526401,0.35520647,0.81174917,400,52.5,324.0,74,93,138,208,330.989,27.0,axehead (flat/flanged),Cu alloy,Class 3,Class 3,Needham1983:Class 3E,,"Cambridgeshire, England",GB,0.396818027786744,52.3082731318256,117.0,,,221.0,,0.0,,,,,
1017,1017.tif,52719,1117.12698,222,400,0.53085015,2.6929791,0.37133597,0.82711391,400,44.0,340.0,98,119,150,222,345.703,24.5,axehead (flat/flanged),Cu alloy,Class 4,Class 4,Needham1983:Class 4Ea,,"Cambridgeshire, England",GB,0.396818027786744,52.3082731318256,116.0,,,188.0,,0.0,,,,,
1021,1021.tif,71306,1126.90873,244,400,0.70559981,1.89926077,0.52652064,0.97885951,400,85.0,283.0,123,183,214,244,289.5,4.5,axehead (flat),Cu,Class 2,Class 2D (Halberton type),Needham2017:Class 2D (Halberton type),,"Cambridgeshire, England",GB,0.396818027786744,52.3082731318256,114.5,31.0,,327.0,,0.0,,,,,
1022,1022.tif,45971,1079.95541,203,400,0.49531578,3.00518167,0.33275859,0.81584085,400,59.0,319.0,81,112,119,203,324.783,32.5,axehead (flanged),Cu alloy,Class 5,Class 5,Needham1983:Class 5Cc,,"Norfolk, England",GB,1.01644944896711,52.7886860057166,86.5,,,124.9,1912,,1.0,1.0,,,
1023,1023.tif,42794,1090.38182,216,400,0.45230933,2.94359525,0.33972062,0.74006693,400,69.0,303.0,77,92,104,216,311.096,42.0,axehead (flanged),Cu alloy,Class 5,Class 5,Needham1983:Class 5Da (Gately style),,"Norfolk, England",GB,0.912188808566738,52.7822998654687,139.5,,,403.9,1826,,1.0,,1.0,,
1024,1024.tif,53493,1167.00924,255,400,0.49358077,2.54082325,0.39357322,0.77080361,400,62.5,319.0,92,119,133,255,329.381,45.5,axehead (flanged),Cu alloy,Class 5,Class 5,Needham1983:Class 5Ea (axe-chisel),,"Cornwall, England",GB,-4.97780835557304,50.1813280983645,73.5,45.0,19.0,106.0,,,1.0,,,,
1028,1028.tif,46868,1102.32294,232,400,0.48469506,2.65070707,0.37725783,0.78519673,400,61.0,321.0,65,103,127,232,331.834,36.0,axehead (flat/flanged),Cu alloy,Class 4,Class 4,Needham1983:Class 4Ec (Hilgay style),,"Norfolk, England",GB,0.372562006446472,52.5537951659791,134.5,,,283.6,1977,0.0,,,,,
1029,1029.tif,42376,1141.49452,239,400,0.40867885,2.71493658,0.36833273,0.69348913,400,75.5,305.0,61,81,98,239,317.865,52.0,axehead (flanged),Cu alloy,Class 5,Class 5C (Bisham type),Needham2017:Class 5C (Bisham type),,"Cambridgeshire, England",GB,0.194747360517574,52.3751447688433,140.5,84.0,22.0,378.4,<1880,1.0,,,,,
1031,1031.tif,45363,1097.93817,226,400,0.47288536,2.53507462,0.39446571,0.81249832,400,33.5,348.5,53,95,156,226,359.085,23.5,axehead (flat/flanged),Cu alloy,Class 3,Class 3,Needham1983:Class 3F (Hartle Moor style),,"Derbyshire, England",GB,-1.66419902001379,53.1605025223287,193.0,104.0,26.0,680.0,1824,0.0,,,,,
1035,1035.tif,50359,1100.82547,219,400,0.52221582,2.58672569,0.38658912,0.83964553,400,44.5,309.5,86,118,161,219,316.776,19.0,axehead (flanged),Cu alloy,Amorican tumulus type,Amorican tumulus type,Needham1983:Amorican tumulus type,,"Bournemouth, England",GB,-1.75086880408143,50.7153489906132,138.0,,,,1953,,,,,,
1038,1038.tif,43813,1107.35238,228,400,0.44899465,2.8581284,0.34987931,0.7262405,400,67.0,308.0,77,89,114,228,317.251,42.0,axehead (flanged),Cu alloy,Class 5,Class 5,Needham1983:Class 5Ca,,"Wiltshire, England",GB,-1.81057579929893,51.1352695965134,97.0,,,,1971,,1.0,1.0,,,
1040,1040.tif,45723,1111.6539,209,400,0.46494908,2.9836159,0.33516379,0.78648342,400,74.0,302.5,82,105,113,209,309.203,37.0,axehead (flanged),Cu alloy,Class 5,Class 5,Needham1983:Class 5Cb Mortlake,,"Norfolk, England",GB,0.552659712709969,52.4668692502848,86.0,,,127.0,1921,1.0,,,,1.0,
1045,1045.tif,53777,1132.22244,249,400,0.52716057,2.42135057,0.41299265,0.78826478,400,73.5,311.0,91,112,143,249,321.0,38.5,axehead (flanged),Cu alloy,Class 5,Class 5,Needham1983:Class 5,,"Norfolk, England",GB,1.24731123082795,52.701646710863,98.5,66.0,26.0,234.22,<1913,,1.0,,,,
1049,1049.tif,37871,1098.38182,216,400,0.39446635,2.91105529,0.34351804,0.67372934,400,73.0,304.0,62,69,86,216,313.6,49.5,axehead (flanged),Cu alloy,Class 5,Class 5,Needham1983:Class 5B (Liss style),,"East Sussex, England",GB,0.219074280033261,50.7919456872061,181.5,,,567.0,,1.0,,1.0,,,
1050,1050.tif,56519,1139.73716,251,400,0.54675771,2.18281571,0.45812388,0.86464118,400,44.5,337.0,74,126,184,251,348.563,19.5,axehead (flat/flanged),Cu alloy,Class 3,Class 3,Needham1983:Class 3C,,"Devon, England",GB,-3.34449123424931,50.8709524461374,139.0,,,401.0,c1884,0.0,,,,,
1051,1051.tif,48556,1129.93817,229,400,0.47790702,2.66966922,0.37457824,0.78965685,400,67.5,317.0,46,116,127,229,331.195,36.5,axehead (flanged),Cu alloy,Class 5,Class 5,Needham1983:Class 5Cc,,"Greater London, England",GB,-0.294801664463369,51.4840480192813,100.5,49.0,20.0,,,,1.0,,,1.0,
1052,1052.tif,56509,1166.00418,251,400,0.52230871,2.28374114,0.437878,0.82367431,400,80.0,302.0,88,123,158,251,312.94,30.5,axehead (flat/flanged),Cu alloy,Class 4,Class 4,Needham1983:Class 4Ec (reworked);NorthoverND:Whittington/Swinton/etc type,,"Gloucestershire, England",GB,-2.44486648148059,51.9181833700735,122.5,80.0,33.0,,1854,0.0,,,,,
1053,1053.tif,69246,1149.45289,249,400,0.65860073,2.05856586,0.48577508,0.91479074,400,63.5,315.5,138,165,204,249,320.438,15.5,axehead (flat),Cu alloy,Class 2,Class 2,Needham1983:Class 2C,,"Suffolk, England",GB,0.883873005487346,52.3868602416435,81.0,,,,1979,0.0,,,,,
1055,1055.tif,42390,1089.9798,225,400,0.44836983,2.81463244,0.35528618,0.72540899,400,70.0,302.5,70,82,105,225,312.398,44.0,axehead (flanged),Cu alloy,Class 5,Class 5,Needham1983:Class 5Ca Sandleheath,,"Suffolk, England",GB,0.491301130883127,52.4232170544408,145.5,,,,<1932,,1.0,,,,
1056,1056.tif,40745,1089.16861,213,400,0.43161244,3.05001302,0.32786745,0.72840223,400,65.0,317.0,65,85,96,213,325.665,44.5,axehead (flanged),Cu alloy,Class 5,Class 5,Needham1983:Class 5B (Lewes style),,"Greater London, England",GB,-0.121708390326676,51.4903957635492,164.0,87.0,26.0,460.0,,,1.0,1.0,,,
1058,1058.tif,42046,1078.76659,206,400,0.4540248,3.03314843,0.32969043,0.76893957,400,61.5,314.0,69,88,115,206,321.492,33.5,axehead (flanged),Cu alloy,Class 5,Class 5,Needham1983:Class 5C (Margate style),,"Kent, England",GB,1.41184835402638,51.3838228604273,135.5,,,,,,1.0,,1.0,,
1060,1060.tif,45622,1099.9798,230,400,0.4738215,2.75727385,0.36267707,0.74461192,400,75.5,295.5,83,94,110,230,304.661,45.0,axehead (flanged),Cu alloy,Class 5,Class 5,Needham1983:Class 5Da (Lavington style),,"Wiltshire, England",GB,-1.96197869546758,51.25321083229,107.5,,,,1853,,1.0,1.0,1.0,,
1063,1063.tif,40294,1106.92597,217,400,0.41325022,2.96263554,0.3375373,0.69944539,400,70.0,310.0,66,79,93,217,319.181,46.5,axehead (flanged),Cu alloy,Class 5,Class 5,Needham1983:Class 5B (Lewes style),,"East Sussex, England",GB,0.00987102720006537,50.8766811335303,157.0,,,426.7,<1976,,1.0,1.0,1.0,,
1065,1065.tif,53898,1137.21025,239,400,0.5237222,2.56557006,0.38977692,0.79665363,400,61.5,318.5,103,119,142,239,325.818,35.5,axehead (flanged),Cu alloy,Class 5,Class 5,Needham1983:Class 5,,"Norfolk, England",GB,0.508543188370251,52.4678134609392,102.0,,,,,,1.0,,1.0,,
1066,1066.tif,40316,1111.10974,229,400,0.41036791,2.68940475,0.37182949,0.69368021,400,73.5,306.0,57,75,93,229,318.01,49.5,axehead (flanged),Cu alloy,Class 5,Class 5,Needham1983:Class 5B (Liss style),,"Hampshire, England",GB,-0.895937159548135,51.0416380363487,150.0,85.0,20.5,383.9,<1866,1.0,1.0,1.0,1.0,,
1068,1068.tif,44833,1051.79603,195,400,0.50926591,3.03184696,0.32983195,0.83019462,400,57.0,325.5,71,100,123,195,331.463,26.0,axehead (flanged),Cu alloy,Class 5,Class 5,Needham1983:Class 5Ca,,"East Sussex, England",GB,0.224654871790718,50.8048805264549,92.0,,,,1978,,1.0,,1.0,,
1069,1069.tif,43043,1084.72496,214,400,0.45969854,3.05008604,0.3278596,0.75612862,400,54.5,320.5,75,93,112,214,327.952,37.5,axehead (flanged),Cu alloy,Class 5,Class 5,Needham1983:Class 5Cb,,"Norfolk, England",GB,0.569410083820974,52.6908609796441,94.5,47.0,18.0,,c1955,,1.0,,,1.0,
1070,1070.tif,44294,1178.70772,246,400,0.40062912,2.67288488,0.3741276,0.68011209,400,94.0,276.0,83,89,96,246,287.792,60.0,axehead (flanged),Cu alloy,Class 5,Class 5,Needham1983:Class 5Da (Littleport style),,"Cambridgeshire, England",GB,0.316400588170022,52.4537497713574,104.0,,,,<1965,1.0,,1.0,,1.0,
1071,1071.tif,53554,1185.57778,275,400,0.47878626,2.23651507,0.4471242,0.73961441,400,74.5,297.0,89,106,140,275,311.437,48.5,axehead (flanged),Cu alloy,Class 5,Class 5,Needham1983:Class 5,,"Cambridgeshire, England",GB,0.247079286411003,52.2482737005639,74.0,54.0,,115.22,1871,,1.0,1.0,,,
1072,1072.tif,45123,1088.9676,214,400,0.47816514,3.08103112,0.32456667,0.76787462,400,49.0,321.0,87,104,112,214,327.233,39.0,axehead (flanged),Cu alloy,Class 5,Class 5,Needham1983:Class 5Db (Saltdean style),,"Brighton and Hove, England",GB,-0.0337314313664172,50.8032271151922,86.0,43.0,,,1929-1939,,1.0,,,1.0,
1073,1073.tif,57738,1155.63665,260,400,0.54328659,2.15996762,0.4629699,0.8357712,400,46.5,335.5,87,126,187,260,346.597,25.5,axehead (flat/flanged),Cu alloy,Class 4,Class 4,Needham1983:Class 4Ab,,"Hampshire, England",GB,-1.47960115846218,51.144606921036,168.0,,,,1931,0.0,,,,,
1074,1074.tif,55803,1070.44069,201,400,0.61198699,2.54920423,0.39227928,0.92152589,400,65.5,313.0,106,137,158,201,316.678,13.5,axe-chisel (flat/flanged),Cu alloy,Class 4,Class 4,Needham1983:Class 4 (axe-chisel),,"Suffolk, England",GB,0.903202003511236,52.008670000617,,,,,,0.0,,,,,
1077,1077.tif,56249,1136.90873,249,400,0.54685661,2.23910901,0.44660621,0.84402197,400,47.5,333.0,86,118,187,249,342.948,25.5,axehead (flat/flanged),Cu alloy,Class 3/4,Class 3/4,Needham1983:Class 3/4,,"Berkshire, England",GB,-0.683259343643767,51.4980446801295,161.5,,,560.0,<1931,0.0,,,,,
1079,1079.tif,48682,1089.45289,215,400,0.51542012,2.86316998,0.34926323,0.8120366,400,62.0,306.5,94,113,126,215,312.535,34.0,axehead (flanged),Cu alloy,Class 5,Class 5,Needham1983:Class 5F,,"Cambridgeshire, England",GB,0.0857911356777193,52.5569484855555,86.0,47.0,21.0,144.4,1874,,,1.0,1.0,,
1080,1080.tif,44887,1101.0925,236,400,0.4652462,2.48515824,0.40238886,0.74725732,400,72.5,308.0,61,86,112,236,320.387,45.0,axehead (flat/flanged),Cu alloy,Class 4,Class 4,Needham1983:Class 4Ec,,"Derbyshire, England",GB,-1.65239189520309,52.8624769500599,136.0,,,250.0,,0.0,,,,,
1081,1081.tif,40557,1095.93817,221,400,0.42432985,2.7767987,0.36012693,0.69922245,400,74.0,275.5,69,75,101,221,286.414,45.0,axehead (flanged),Cu alloy,Class 5,Class 5,Needham1983:Class 5B,,"Buckinghamshire, England",GB,-0.840545428452733,51.5446639597177,112.0,62.0,,155.8,1908,,1.0,,1.0,,
1082,1082.tif,46761,1107.31075,226,400,0.47924172,2.759434,0.36239316,0.76418725,400,63.0,315.5,81,98,122,226,323.835,38.0,axehead (flat/flanged),Cu alloy,Class 4,Class 4E (Whittington type),Needham2017:Class 4E (Whittington type),,"Kent, England",GB,0.514517760940093,51.2716246748741,130.5,,,270.0,c1883,0.0,,,,,
1083,1083.tif,47892,1221.37677,244,400,0.40343496,2.45387181,0.40751925,0.73218162,400,100.0,267.0,86,98,111,244,278.729,55.0,axehead (flanged),Cu alloy,Class 5,Class 5,Needham1983:Class 5F;Rowlands1976:Flanged Class 2,,"Norfolk, England",GB,0.49739880856964,52.5309943082143,96.0,61.0,24.0,224.0,1900,1.0,,,,1.0,
1084,1084.tif,46570,1103.21025,224,400,0.48083883,2.84243551,0.35181097,0.77189551,400,65.0,311.0,82,104,114,224,319.059,42.5,axehead (flanged),Cu alloy,Class 5,Class 5,Needham1983:Class 5Da,,"Norfolk, England",GB,0.551604260536059,52.5236780034393,91.0,50.0,18.0,146.0,<1894,,,,1.0,,
1088,1088.tif,45687,1140.90873,236,400,0.44106307,2.65299284,0.37693279,0.74095638,400,81.5,293.5,71,98,113,236,305.04,47.0,axehead (flanged),Cu alloy,Class 5,Class 5,Needham1983:Class 5Cb Brighton,,"Somerset, England",GB,-3.25714437962349,51.0332067676824,131.0,,,347.0,1974,1.0,,,1.0,1.0,
1089,1089.tif,44035,1115.16861,226,400,0.44496596,2.93306839,0.34093988,0.73149056,400,61.0,317.0,79,95,111,226,325.53,43.0,axehead (flanged),Cu alloy,Class 5,Class 5,Needham1983:Class 5Cb Milverton,,"Somerset, England",GB,-3.25714437962349,51.0332067676824,131.0,,,367.0,1974,1.0,,1.0,1.0,1.0,
109,109.tif,30125,997.026479,125,400,0.38082332,4.52845553,0.22082584,0.7511064,400,221.0,162.0,56,64,65,125,165.744,24.5,,,,,,,,,,,,,,,,,,,,,
1090,1090.tif,40713,1108.72496,225,400,0.41619352,2.88074856,0.347132,0.68647883,400,74.0,304.0,69,76,97,225,313.974,48.0,axehead (flanged),Cu alloy,Class 5,Class 5,Needham1983:Class 5B (Syon style),,"Somerset, England",GB,-3.25714437962349,51.0332067676824,121.0,,,219.0,1974,1.0,,1.0,,,
1091,1091.tif,43542,1105.00924,224,400,0.44811184,2.74627004,0.36413025,0.74272702,400,70.0,304.5,68,87,113,224,314.478,40.0,axehead (flanged),Cu alloy (IMP-LI 0),Class 5,Class 5,Needham1983:Class 5Ca Margate,,"Isle of Wight, England",GB,-1.53558044503735,50.6713455505566,124.0,,,,1942,,1.0,1.0,,,
1092,1092.tif,38554,1088.62446,218,400,0.40881153,3.02206865,0.33089917,0.69835347,400,65.0,309.5,62,79,98,218,319.301,44.0,axehead (flanged),Cu alloy (IMP-LI 8),Class 5,Class 5,Needham1983:Class 5A (Chilmark style),,"Isle of Wight, England",GB,-1.53558044503735,50.6713455505566,138.0,,,,1942,,1.0,1.0,,,
1093,1093.tif,43178,1091.16861,206,400,0.4557101,3.24009298,0.30863312,0.75862008,400,50.0,332.5,80,93,109,206,338.509,37.0,axehead (flanged),Cu alloy (IMP-LI 7),Class 5,Class 5A (Ashford type),Needham2017:Class 5A (Ashford type),,"Isle of Wight, England",GB,-1.53558044503735,50.6713455505566,99.0,,,,1942,,1.0,,,1.0,
1094,1094.tif,45044,1091.35238,207,400,0.47524419,2.92149609,0.34229038,0.82486838,400,60.0,318.0,65,108,123,207,325.963,34.0,axehead (flanged),Cu alloy (IMP-LI 8),Class 5,Class 5,Needham1983:Class 5Cc (marginal 4E),,"Isle of Wight, England",GB,-1.53558044503735,50.6713455505566,110.0,,,,1942,1.0,,,1.0,,
1095,1095.tif,38638,1045.61227,179,400,0.44410245,3.65874444,0.27331781,0.75445688,400,53.5,296.5,89,88,97,179,300.282,32.5,axehead (flanged),Cu alloy,Class 5,Class 5A (Ashford type),Needham2017:Class 5A (Ashford type),,"Isle of Wight, England",GB,-1.53558044503735,50.6713455505566,98.0,,,,1942,,1.0,,,,
1096,1096.tif,43833,1061.85491,194,400,0.48851815,3.25559827,0.30716321,0.78613639,400,47.0,320.0,92,99,108,194,324.046,34.0,axehead (flanged),Cu alloy (IMP-LI 7),Class 5,Class 5A (Ashford type),Needham2017:Class 5A (Ashford type),,"Isle of Wight, England",GB,-1.53558044503735,50.6713455505566,81.0,,,,1942,,1.0,,,,
1097,1097.tif,40430,1064.39906,186,400,0.44844031,3.55577812,0.2812324,0.76447453,400,46.0,336.0,79,90,106,186,340.271,30.5,axehead (flanged),Cu alloy,Class 5,Class 5A (Ashford type),Needham2017:Class 5A (Ashford type),,"Isle of Wight, England",GB,-1.53558044503735,50.6713455505566,103.0,,,,1942,,1.0,1.0,,1.0,
1098,1098.tif,45223,1122.38182,220,400,0.45111575,2.88955419,0.34607415,0.76183016,400,66.0,308.0,79,102,111,220,316.038,42.5,axehead (flanged),Cu alloy,Class 5,Class 5,Needham1983:Class 5Cb Mortlake,,"Greater London, England",GB,-0.266353334054122,51.4746384839152,102.0,57.0,19.0,221.0,1911,1.0,,,,,
110,110.tif,39322,1032.23968,172,400,0.46375047,3.43645211,0.2909978,0.84226535,400,49.5,331.5,57,103,104,172,336.456,24.0,,,,,,,,,,,,,,,,,,,,,
1101,1101.tif,47761,1130.90873,244,400,0.4692758,2.59068586,0.38599817,0.74434081,400,67.0,310.0,77,99,121,244,321.179,44.5,axehead (flanged),Cu alloy,Class 5,Class 5,Needham1983:Class 5Ca,,"Norfolk, England",GB,0.519096145208332,52.7409921698219,128.0,80.0,,,1975,,1.0,1.0,1.0,,
1103,1103.tif,42629,1115.93817,224,400,0.43016468,2.89196898,0.34578517,0.73243817,400,69.5,309.0,67,90,108,224,319.039,42.0,axehead (flanged),Cu alloy,Class 5,Class 5,Needham1983:Class 5Cb Brighton,,"Brighton and Hove, England",GB,-0.148169676561617,50.8343288039975,142.0,76.0,25.0,453.0,1901,1.0,,,,1.0,
1105,1105.tif,67726,1197.03362,290,400,0.5939537,1.84726701,0.54134026,0.8563968,400,64.5,314.5,102,142,215,290,328.435,27.0,axehead (flat/flanged),Cu alloy,Class 3,Class 3B (Boreland type),Needham2017:Class 3B (Boreland type),,"Oxfordshire, England",GB,-1.158614,51.578846,143.0,,,432.3,1878,0.0,,,,,
1106,1106.tif,42043,1079.69553,216,400,0.45321154,2.87995953,0.3472271,0.75273033,400,74.5,299.0,65,90,106,216,308.529,41.0,axehead (flanged),Cu alloy,Class 5,Class 5,Needham1983:Class 5Cb Brighton,,"Cambridgeshire, England",GB,0.269518654924179,52.4007078887261,138.0,74.0,23.0,375.6,c1881,,1.0,,,,
1108,1108.tif,61983,1185.17576,291,400,0.55451965,1.89645684,0.52729911,0.82795239,400,62.0,320.5,77,131,191,291,338.133,30.0,axehead (flat/flanged),Cu alloy,Class 3,Class 3,Needham1983:Class 3B,,"Derbyshire, England",GB,-1.47153616303987,53.0775538034042,175.5,,,765.0,<1896,0.0,,,,,
1110,1110.tif,51586,1138.28131,244,400,0.50031383,2.46621605,0.40547948,0.8015725,400,38.5,345.0,78,111,162,244,354.963,28.0,axehead (flat/flanged),Cu alloy,Class 4,Class 4,Needham1983:Class 4B (Larkhill style),,"Wiltshire, England",GB,-1.81620841087291,51.2105863944939,164.5,95.0,,,1958,0.0,,,,,
1111,1111.tif,43962,1077.41126,205,400,0.47590941,2.86284336,0.34930308,0.81152625,400,48.5,335.5,62,92,138,205,343.145,22.0,axehead (flat/flanged),Cu alloy,Class 4,Class 4,Needham1983:Class 4Ec (Penrhyndeudraeth style);Museum:Balleyvalley type,,"Nottinghamshire, England",GB,-0.9201,53.2501,224.0,,,884.6,<1974,0.0,,,,,
1112,1112.tif,42858,1165.35238,246,400,0.39657673,2.76111894,0.36217201,0.66613303,400,80.0,286.0,76,87,95,246,298.679,58.5,axehead (flanged),Cu alloy,Class 5,Class 5,Needham1983:Class 5B,,"Suffolk, England",GB,0.501417496430827,52.3420728068657,95.0,58.0,18.0,152.0,<1920,1.0,,1.0,,1.0,
1113,1113.tif,45522,1057.61227,193,400,0.51142063,3.00725433,0.33252924,0.8563286,400,40.0,337.5,74,104,134,193,342.794,19.5,axehead (flat/flanged),Cu alloy,Class 4,Class 4,Needham1983:Class 4Db,,"West Berkshire, England",GB,-1.31851825863632,51.404546227898,172.0,,,520.0,,0.0,,,,,
1114,1114.tif,53343,1098.0803,225,400,0.5559287,2.57298194,0.38865411,0.82571108,400,66.0,305.5,107,115,150,225,311.258,29.5,axehead (flat/flanged),Cu alloy,Class 4,Class 4,Needham1983:Class 4Eb,,"Norfolk, England",GB,0.378958189678005,52.5356830191055,69.7,,,58.5,1979,0.0,,,,,
1117,1117.tif,44592,1080.62446,212,400,0.47986296,2.91657457,0.34286797,0.78698246,400,62.0,318.5,72,95,119,212,326.333,33.0,axehead (flat/flanged),Cu alloy (E),Class 4,Class 4,Needham1983:Class 4Ec (Awre style);NorthoverND:Whittington/Swinton/etc type,,"Gloucestershire, England",GB,-2.50341980603935,51.7583567016128,114.5,61.0,20.0,225.0,1965,0.0,,,,,
1118,1118.tif,46689,1077.10974,213,400,0.50571348,2.83016212,0.35333665,0.81251958,400,59.0,315.0,78,104,124,213,322.311,31.0,axehead (flat/flanged),Cu alloy,Class 4,Class 4,Needham1983:Class 4Ec (Hilgay style),,"Lincolnshire, England",GB,-0.490961518941345,53.1597336826718,92.5,,,,1957,0.0,,,,,
1122,1122.tif,50782,1088.82547,212,400,0.53827365,2.73470605,0.36567001,0.85264784,400,48.0,334.5,87,115,152,212,340.5,20.5,axehead (flat/flanged),Cu alloy,Class 3,Class 3,Needham1983:Class 3Ad,,"West Sussex, England",GB,-0.0324560672773284,51.136859849529,123.2,,,351.3,1978,0.0,,,,,
1127,1127.tif,63516,1134.9676,239,400,0.61962092,2.20569244,0.45337237,0.89261773,400,65.0,310.0,117,146,182,239,315.953,19.5,axehead (flanged),Cu alloy,Class 5,Class 5,Needham1983:Class 5,,"Surrey, England",GB,-0.458292667784989,51.3123095471686,,41.0,,93.0,1978,,1.0,,1.0,,
1128,1128.tif,50260,1086.8671,218,400,0.53466218,2.64561408,0.37798408,0.83970295,400,71.5,311.5,77,112,136,218,319.491,28.0,axehead (flat/flanged),Cu alloy,Class 4,Class 4,Needham1983:Class 4Ea/5,,"Lincolnshire, England",GB,-0.347536530709611,53.4120615104558,106.0,,,,1968,0.0,,,,,
1129,1129.tif,39685,1075.71277,200,400,0.43096659,3.28596014,0.30432505,0.73773539,400,55.5,322.5,70,88,99,200,329.033,38.5,axehead (flat/flanged),Cu alloy (IMP-LI 6),Class 4,Class 4F (Asterton Prolley Moor type),Needham2017:Class 4F (Asterton Prolley Moor type),,"Wiltshire, England",GB,-1.83021857455937,51.4104944610944,72.0,,,,1814,0.0,,,,,
1130,1130.tif,44251,1120.9676,231,400,0.44253419,2.77560813,0.36028141,0.7281718,400,74.0,303.0,71,90,104,231,313.383,48.0,axehead (flanged),Cu alloy,Class 5,Class 5,Needham1983:Class 5A (Papermills style),,"Cambridgeshire, England",GB,0.148258819870966,52.1282726914142,113.5,63.0,21.0,266.0,,1.0,1.0,,,,
1133,1133.tif,38833,1078.72496,209,400,0.41936226,3.1390306,0.31856969,0.70584279,400,68.0,313.5,66,75,98,209,321.674,42.0,axehead (flanged),Cu alloy,Class 5,Class 5,Needham1983:Class 5B (Syon style),,"East Sussex, England",GB,-0.0653620512358598,50.8963891304926,123.5,65.0,18.0,228.4,<1849,,1.0,1.0,,,
1134,1134.tif,35734,1111.35238,212,400,0.36356991,2.99846204,0.33350431,0.67168542,400,75.0,295.5,53,67,85,212,306.14,47.5,axehead (flanged),Cu alloy,Class 5,Class 5B,Needham1983:Class 5B (Combe style),,"Devon, England",GB,-4.07515432791676,50.3628725772618,169.5,87.7,22.3,480.9,1868,1.0,,,,1.0,
1135,1135.tif,42118,1097.35238,222,400,0.43952682,2.66699982,0.37495316,0.72821266,400,81.5,302.0,60,79,103,222,312.85,43.0,axehead (flanged),Cu alloy,Class 5,Class 5B,Needham1983:Class 5A,,"Devon, England",GB,-4.07515432791676,50.3628725772618,98.0,54.1,14.5,131.8,1868,,1.0,,1.0,,
1136,1136.tif,46364,1138.66609,238,400,0.4493637,2.61005873,0.38313314,0.72782073,400,86.0,282.5,83,93,109,238,293.206,49.0,axehead (flanged),Cu alloy,Class 5,Class 5C,Needham1983:Class 5Da (Lavington style),,"Devon, England",GB,-4.07515432791676,50.3628725772618,97.0,57.0,19.9,142.8,1868,1.0,,,1.0,1.0,
1137,1137.tif,34961,1051.10974,195,400,0.39764689,3.44111682,0.29060333,0.69289388,400,53.5,267.5,64,72,103,195,275.403,33.5,axehead (flanged),Cu alloy,Class 5,Class 5B,Needham1983:Class 5B (Ramsgate style),,"Devon, England",GB,-4.07515432791676,50.3628725772618,155.0,70.4,25.5,379.0,1868,,1.0,,,1.0,
1138,1138.tif,44812,1130.46508,243,400,0.44064606,2.44581738,0.40886127,0.71901098,400,74.0,291.5,73,83,108,243,303.792,49.5,axehead (flanged),Cu alloy,Class 5,Class 5C,Needham1983:Class 5Ca,,"Devon, England",GB,-4.07515432791676,50.3628725772618,125.0,74.9,21.9,291.1,1868,,1.0,1.0,1.0,,
1139,1139.tif,48336,1149.9798,249,400,0.45930392,2.40750497,0.41536778,0.73643635,400,92.0,282.0,77,92,104,249,294.822,54.5,axehead (flanged),Cu alloy,Class 5,Class 5C,Needham1983:Class 5Da,,"Devon, England",GB,-4.07515432791676,50.3628725772618,117.5,72.0,23.3,318.4,1868,1.0,,1.0,1.0,,
1140,1140.tif,42339,1098.28131,223,400,0.441086,2.9017681,0.34461748,0.72900238,400,72.5,304.0,69,87,103,223,313.747,44.5,axehead (flanged),Cu alloy,Class 5,Class 5C,Needham1983:Class 5Cb,,"Devon, England",GB,-4.07515432791676,50.3628725772618,101.0,55.6,18.5,158.5,1868,1.0,1.0,1.0,,,
1141,1141.tif,42522,1101.10974,225,400,0.44071957,2.8406764,0.35202883,0.73068133,400,70.0,310.5,64,85,108,225,320.896,42.5,axehead (flanged),Cu alloy,Class 5,Class 5B,Needham1983:Class 5A,,"Devon, England",GB,-4.07515432791676,50.3628725772618,99.0,51.9,16.3,155.3,1868,,1.0,1.0,,1.0,
1142,1142.tif,44474,1112.03867,222,400,0.45193531,2.99934183,0.33340648,0.74657132,400,65.5,298.0,85,100,112,222,305.9,43.0,axehead (flanged),Cu alloy,Class 5,Class 5E,Needham1983:Class 5F,,"Devon, England",GB,-4.07515432791676,50.3628725772618,103.0,55.1,21.0,200.1,1868,1.0,,,,1.0,
1143,1143.tif,49945,1184.0803,260,400,0.44765101,2.44005465,0.40982689,0.72796572,400,73.0,295.0,88,101,123,260,307.433,54.0,axehead (flanged),Cu alloy,Class 5,Class 5E,Needham1983:Class 5Eb,,"Devon, England",GB,-4.07515432791676,50.3628725772618,108.0,72.0,23.0,228.0,1868,1.0,,,,,
1144,1144.tif,47671,1176.60721,260,400,0.43271417,2.34366195,0.4266827,0.71061124,400,93.5,281.0,74,92,108,260,296.17,58.0,axehead (flanged),Cu alloy,Class 5,Class 5C,Needham1983:Class 5Cb,,"Devon, England",GB,-4.07515432791676,50.3628725772618,113.0,73.0,20.0,278.0,1868,1.0,,1.0,,,
1145,1145.tif,46619,1087.55339,213,400,0.49530378,2.91506146,0.34304594,0.7952543,400,65.5,306.0,86,107,123,213,312.623,33.5,axehead (flanged),Cu alloy,Class 5,Class 5E,Needham1983:Class 5Eb,,"Devon, England",GB,-4.07515432791676,50.3628725772618,101.5,50.0,22.0,202.0,1868,1.0,,,,,
1148,1148.tif,45235,1131.35238,240,400,0.44410807,2.73551435,0.36556196,0.72218852,400,65.0,301.0,82,96,112,240,311.329,48.0,axehead (flanged),Cu alloy,Class 5,Class 5,Needham1983:Class 5Ca Osmington,,"Cambridgeshire, England",GB,0.308420751697075,52.3010423684036,153.0,,,,,,1.0,,,,
1149,1149.tif,41281,1090.34019,214,400,0.43635106,2.90023907,0.34479916,0.73880984,400,71.5,313.5,59,84,106,214,322.972,39.0,axehead (flanged),Cu alloy (IMP-LI 0),Class 5,Class 5,Needham1983:Class 5A (Putney style),,"Suffolk, England",GB,0.590429566702751,52.1063452855838,167.5,,,496.4,1845,1.0,,1.0,1.0,,
1150,1150.tif,45210,1106.36457,233,400,0.46413877,2.59008311,0.386088,0.74389752,400,78.0,300.0,69,87,114,233,311.138,42.5,axehead (flanged),Cu alloy (IMP-LI 8),Class 5,Class 5,Needham1983:Class 5Ca,,"Suffolk, England",GB,0.590429566702751,52.1063452855838,143.5,,,410.5,1845,,1.0,,,1.0,
1151,1151.tif,43626,1097.69553,222,400,0.45497912,2.94359169,0.33972103,0.75627324,400,54.0,318.5,72,97,113,222,327.326,40.0,axehead (flanged),Cu alloy (IMP-LI 0),Class 5,Class 5,Needham1983:Class 5Cb,,"Suffolk, England",GB,0.590429566702751,52.1063452855838,124.0,,,304.6,1845,,1.0,,,1.0,
1152,1152.tif,46410,1138.80823,249,400,0.44969726,2.53505631,0.39446855,0.71822093,400,75.0,285.0,78,93,121,249,298.004,45.5,axehead (flanged),Cu alloy,Class 5,Class 5,Needham1983:Class 5Ca,,"Suffolk, England",GB,0.590429566702751,52.1063452855838,115.0,72.0,23.0,255.0,1845,1.0,,,,,
1153,1153.tif,41910,1099.06811,213,400,0.43599179,3.05094721,0.32776706,0.73895795,400,60.0,318.5,73,91,108,213,326.209,39.0,axehead (flanged),Cu alloy,Class 5,Class 5,Needham1983:Class 5Cb Milverton,,"Suffolk, England",GB,0.590429566702751,52.1063452855838,130.5,68.0,24.0,340.0,1845,1.0,,,1.0,,
1154,1154.tif,36877,1077.83766,197,400,0.39889513,3.30287287,0.30276672,0.70428372,400,82.0,259.0,71,77,87,197,266.671,42.5,axehead (flanged),Cu alloy,Class 5,Class 5,Needham1983:Class 5B,,"Suffolk, England",GB,0.590429566702751,52.1063452855838,129.0,64.0,25.0,269.0,1845,1.0,,,,1.0,
1155,1155.tif,43797,1158.95036,246,400,0.40975528,2.69338998,0.37127932,0.70117832,400,81.5,293.5,66,90,105,246,307.171,53.5,axehead (flanged),Cu alloy,Class 5,Class 5,Needham1983:Class 5Cb,,"Suffolk, England",GB,0.590429566702751,52.1063452855838,127.0,,,,1845,1.0,,,,1.0,
1159,1159.tif,66766,1127.21025,237,400,0.66032139,2.04413342,0.48920486,0.96319806,400,56.5,309.5,114,167,207,237,315.64,6.5,axehead (flat),Cu alloy,Class 2/3,Class 2/3,Needham1983:Class 2/3A,,"Berkshire, England",GB,-0.979625,51.451542,128.0,70.0,31.0,377.1,<1908,0.0,,,,,
1160,1160.tif,43792,1126.03867,227,400,0.4340083,2.91182207,0.34342758,0.73207509,400,75.5,303.0,72,96,107,227,313.052,47.0,axehead (flanged),Cu alloy,Class 5,Class 5,Needham1983:Class 5Cb Reepham,,"Lincolnshire, England",GB,-0.434988357865978,53.257224851222,121.0,68.0,21.0,269.0,1892,1.0,,,,1.0,
1164,1164.tif,58588,1173.03362,277,400,0.535054,2.08971101,0.47853507,0.80866247,400,49.0,318.0,92,122,187,277,331.357,33.0,axehead (flat/flanged),Cu alloy,Class 3,Class 3,Needham1983:Class 3B,,England,GB,,,152.0,101.0,33.0,533.2,<1908,,,,,,
1165,1165.tif,48722,1096.78384,210,400,0.50897082,2.83894872,0.35224306,0.82606963,400,38.0,338.0,85,106,144,210,343.651,25.0,axehead (flat/flanged),Cu alloy,Class 3/4,Class 3/4,Needham1983:Class 3/4,,England,GB,,,107.0,55.0,22.0,163.5,<1908,,,,,,
1167,1167.tif,45827,1091.06811,217,400,0.48375734,2.76326806,0.36189033,0.80717576,400,61.5,321.5,63,104,124,217,330.713,32.5,axehead (flat/flanged),Cu alloy,Class 4,Class 4E (Whittington type),Needham2017:Class 4E (Whittington type);SchmidtBurgess1981:Developed (Scrabo Hill type);Needham1983:Class 4Ec (Digby style),,"Lincolnshire, England",GB,-0.362819305865547,53.0858964155905,162.0,,,,c1915,0.0,,,,,
1168,1168.tif,43894,1062.5412,193,400,0.48856626,3.03982622,0.32896617,0.83855993,400,35.5,347.0,70,96,140,193,352.496,19.0,axehead (flat/flanged),Cu alloy,Class 3/4,Class 3/4,Needham1983:Class 3/4,,"Lincolnshire, England",GB,-0.362819305865547,53.0858964155905,167.0,,,,c1915,0.0,,,,,
1169,1169-1.tif,48144,1112.09755,223,400,0.48917727,2.60288242,0.38418946,0.80972123,400,38.0,344.0,73,98,156,223,352.082,27.0,axehead (flat/flanged),Cu alloy (IMP-LI 0),Class 3,Class 3,Needham1983:Class 3F (Moot Low type),,"Norfolk, England",GB,1.27791072191022,52.6506648080215,149.0,84.0,,406.0,1977,0.0,,,,,
1169,1169.tif,48328,1113.7544,224,400,0.48958694,2.58701627,0.38654569,0.80968377,400,38.0,344.5,74,98,158,224,352.678,27.0,axehead (flat/flanged),Cu alloy (IMP-LI 0),Class 3,Class 3,Needham1983:Class 3F (Moot Low type),,"Norfolk, England",GB,1.27791072191022,52.6506648080215,149.0,84.0,,406.0,1977,0.0,,,,,
1170,1170.tif,46616,1054.92597,195,400,0.52638184,3.01879858,0.33125761,0.8346045,400,54.0,325.0,85,102,130,195,329.707,23.0,axehead (flanged),Cu alloy,Class 5,Class 5B (Ashford type),Needham2017:Class 5B (Ashford type),,"Norfolk, England",GB,1.40911245262502,52.6881062225921,95.5,45.0,21.0,164.0,<1894,,1.0,,,,
1171,1171.tif,40182,1105.93817,224,400,0.41283805,2.94213537,0.33988919,0.68686592,400,68.0,280.0,75,76,104,224,290.473,44.5,axehead (flanged),Cu alloy,Class 5,Class 5,Needham1983:Class 5B (Syon style),,"Wiltshire, England",GB,-1.79445251251128,51.0646544691969,118.0,,,,,1.0,,1.0,,,
1172,1172.tif,45238,1098.13918,222,400,0.47140967,2.79034612,0.35837848,0.75259944,400,69.5,310.5,75,90,111,222,319.093,41.0,axehead (flanged),Cu alloy,Class 5,Class 5,Needham1983:Class 5Ca,,"Wiltshire, England",GB,-1.809,51.155,112.5,61.0,21.0,244.4,,,1.0,,1.0,,
1173,1173.tif,41996,1074.76659,211,400,0.45686667,2.94724668,0.33929973,0.75379175,400,66.0,311.0,66,85,110,211,319.454,36.0,axehead (flanged),Cu alloy,Class 5,Class 5,Needham1983:Class 5Ca Sandleheath,,"Hampshire, England",GB,-1.83038340258959,50.9361679110341,143.0,,,283.5,1896,,1.0,,1.0,,
1176,1176.tif,42030,1082.82547,211,400,0.45045595,3.0843108,0.32422154,0.75354316,400,49.5,329.0,70,92,116,211,336.576,34.0,axehead (flat/flanged),Cu alloy,Class 4,Class 4,Needham1983:Class 4Ec (Shippea style),,"Cambridgeshire, England",GB,0.388941624870228,52.4343222744851,140.5,,,,,0.0,,,,,
1177,1177.tif,53439,1127.93817,238,400,0.52783429,2.37325596,0.42136205,0.83612098,400,45.5,334.0,82,117,170,238,343.104,23.0,axehead (flat/flanged),Cu alloy,Class 3,Class 3,Needham1983:Class 3E (Cockertons style),,"Suffolk, England",GB,1.45576074628035,52.2752704206575,187.0,,,,,0.0,,,,,
1178,1178.tif,82566,1214.44784,302,400,0.70348263,1.65316413,0.60490061,0.93049936,400,77.0,290.5,156,203,249,302,299.792,14.5,axehead (flat),Cu alloy,Class 2,Class 2,Needham1983:Class 2C,,"Gloucestershire, England",GB,-1.90695388559157,51.8920159017113,76.0,,,,1933,0.0,,,,,
1181,1181.tif,52147,1081.99704,208,400,0.55974091,2.46588471,0.40553396,0.9030409,400,56.5,319.5,80,119,166,208,326.065,14.0,axehead (flat/flanged),Cu alloy,Class 3,Class 3,Needham1983:Class 3,,"Lincolnshire, England",GB,-0.280792559805782,53.0590727552972,110.0,57.0,22.0,,1961,0.0,,,,,
1191,1191.tif,72080,1146.32294,252,400,0.6893038,1.91837728,0.5212739,0.96138072,400,72.5,301.5,125,179,214,252,308.219,8.5,axehead (flat),Cu alloy,Class 2/3,Class 2/3,Needham1983:Class 2/3A,,"East Sussex, England",GB,0.0776945385389823,50.8035438936033,112.0,,,,1916,0.0,,,,,
1192,1192.tif,44838,1101.77879,235,400,0.46415954,2.59439172,0.38544681,0.7424186,400,68.5,310.5,65,87,120,235,322.057,42.0,axehead (flanged),Cu alloy,Class 5,Class 5,Needham1983:Class 5Ca,,"Cambridgeshire, England",GB,0.313106117496656,52.3908708374562,161.0,,,,<1922,,1.0,,1.0,,
1196,1196.tif,51560,1117.00924,215,400,0.51928915,2.53663073,0.39422372,0.88918015,400,34.5,340.5,79,119,168,215,347.423,15.0,axehead (flat/flanged),Cu alloy,Class 3,Class 3,Needham1983:Class 3D,,"Wiltshire, England",GB,-1.87135339808742,51.3799302306431,80.3,,,67.6,1864,0.0,,,,,
1198,1198.tif,50837,1138.48232,236,400,0.49287546,2.43798193,0.41017531,0.79651231,400,38.5,313.5,79,112,174,236,323.272,24.5,axehead (flat/flanged),Cu alloy,Class 4,Class 4,Needham1983:Class 4B (Tattershall style),,"Lincolnshire, England",GB,-0.179396127883167,53.1155966342391,141.0,,,,<1976,0.0,,,,,
1200,1200.tif,69464,1157.90368,280,400,0.65106565,1.8299509,0.54646275,0.92187842,400,75.0,300.0,99,165,214,280,313.518,16.0,axehead (flat/flanged),Cu alloy,Class 4,Class 4A (Kettering type),Needham2017:Class 4A (Kettering type),,"Wiltshire, England",GB,-2.0163795437012,51.117437290633,115.5,,,567.0,c1928,0.0,,,,,
1202,1202.tif,63337,1097.05087,231,400,0.6613233,2.13663198,0.46802632,0.93931395,400,84.0,287.5,113,157,191,231,293.968,10.5,axehead (flat),Cu (A1),Class 2,Class 2A (Burley Camp type)?,NMW:Class 2A (Burley Camp type?)?;NorthoverND:Growtown type;Needham1983:Class 2/3A,,"Shropshire, England",GB,-2.52644425402554,52.6730348464808,128.5,73.0,35.0,,<1898,0.0,,,,,
1203,1203.tif,58576,1128.16356,253,400,0.57834294,2.1941442,0.45575856,0.8531935,400,57.0,287.5,103,140,188,253,297.518,21.0,axehead (flat/flanged),Cu alloy,Class 3,Class 3,Needham1983:Class 3Ab (Bradenham style),,"Norfolk, England",GB,0.541578996802917,52.5300534557718,132.5,,,,1912,0.0,,,,,
1204,1204.tif,48796,1111.35238,228,400,0.49646715,2.72655246,0.36676353,0.79660436,400,54.0,317.5,85,113,128,228,325.585,36.5,axehead (flanged),Cu alloy,Class 5,Class 5,Needham1983:Class 5Cc,,"Lincolnshire, England",GB,-0.460533720712558,53.4431918852738,96.0,52.5,19.0,,1979,,1.0,,,,
1205,1205.tif,53992,1268.02143,277,400,0.42197439,2.36350826,0.42309985,0.69600639,400,92.5,264.5,106,109,124,277,277.982,61.5,axehead (flanged),Cu alloy,Class 5,Class 5,Needham1983:Class 5,,"Lincolnshire, England",GB,-0.460533720712558,53.4431918852738,89.0,65.0,,,1979,1.0,,,,,
1207,1207.tif,45986,1133.35238,240,400,0.44988921,2.52233107,0.39645866,0.7658143,400,28.0,352.5,62,90,158,240,363.712,30.5,axehead (flat/flanged),Cu alloy (C),Class 4,Class 4B (Aylesford type),Needham2017:Class 4B (Aylesford type);NMW:Class 4B (Aylesford type);NorthoverND:Aylesford/Newport type;Needham1983:Class 4B (Titterstone style),,"Shropshire, England",GB,-2.6015847286069,52.3827492044935,204.5,122.0,,,1889,0.0,,,,,54.0
1208,1208.tif,46253,1090.62446,216,400,0.48865158,2.77185427,0.36076933,0.8026342,400,38.0,333.5,78,97,149,216,340.665,25.5,axehead (flat/flanged),Cu alloy,Class 4,Class 4,Needham1983:Class 4B (Tregonjeeves style),,"Cornwall, England",GB,-4.810001,50.329438,156.0,,,415.0,<1969,0.0,,,,,
1209,1209.tif,37453,1033.12698,181,400,0.44094971,3.48744065,0.28674323,0.78445459,400,51.5,333.0,56,84,102,181,338.908,27.5,axehead (flat/flanged),Cu alloy,Class 4,Class 4,Needham1983:Class 4Ec,,"Cornwall, England",GB,-4.727978,50.344886,208.0,,,556.0,,0.0,,,,,
1210,1210.tif,41574,972.215296,136,400,0.55272203,3.2825615,0.30464014,0.98263942,400,112.5,257.0,64,105,124,136,259.612,2.0,axehead (flat/flanged),Cu alloy (IMP-LI 4),Class 4,Class 4,Needham1983:Class 4,,"Cornwall, England",GB,-4.727978,50.344886,147.0,,,245.0,,0.0,,,,,
1212,1212.tif,51524,1111.9798,237,400,0.52363135,2.45675865,0.40704039,0.80508766,400,56.0,286.0,85,117,161,237,296.055,24.5,axehead (flat/flanged),Cu alloy,Class 3,Class 3,Needham1983:Class 3E,,"Hampshire, England",GB,,,144.0,,,,,,,,,,
1213,1213.tif,61279,1154.70772,252,400,0.57753379,2.15727658,0.46354742,0.85177154,400,58.5,289.0,112,135,198,252,297.587,24.0,axehead (flat/flanged),Cu alloy,Class 4,Class 4A (Kettering type),Needham2017:Class 4A (Kettering type),,"Berkshire, England",GB,,,117.0,,,279.5,,,,,,,
1216,1216.tif,45312,1090.13918,216,400,0.47913644,2.9043133,0.34431547,0.78265826,400,44.0,338.0,74,97,133,216,345.48,29.5,axehead (flat/flanged),Cu alloy,Class 4,Class 4,Needham1983:Class 4Ec,,"Lincolnshire, England",GB,-0.335783206737491,53.0900164589159,139.0,75.5,25.5,,1961,0.0,,,,,
1217,1217.tif,81380,1154.26407,262,400,0.76756859,1.64491417,0.60793446,0.98978953,400,92.5,250.5,156,220,246,262,256.049,2.0,axehead (flat),Cu,Class 2,Class 2D (Halberton type),Needham2017:Class 2D (Halberton type),,"Oxfordshire, England",GB,-1.12788172394238,51.6011003987052,67.0,,,70.0,1886,0.0,,,,,
1221,1221.tif,43427,1061.25188,172,400,0.48454348,3.23532898,0.30908758,0.8159749,400,60.0,292.5,110,98,120,172,294.416,23.0,axehead (flanged),Cu alloy (IMP-LI 0),Alpine type,Alpine type,Needham1983:Alpine type,,"Norfolk, England",GB,0.261269628291505,52.5267509599872,100.0,45.0,29.0,167.0,<1909,,,,,,
1223,1223.tif,48446,1074.09755,200,400,0.52769179,2.96043265,0.33778846,0.83431209,400,50.0,328.0,96,107,135,200,332.273,24.5,axehead (flat/flanged),Cu alloy,Class 4,Class 4,Needham1983:Class 4Eb,,"Kent, England",GB,1.14743726983366,51.3012831094773,74.0,,,,,0.0,,,,,
1224,1224.tif,44446,1121.25188,238,400,0.44425895,2.656136,0.37648675,0.7159241,400,70.5,307.5,71,88,105,238,318.784,49.0,axehead (flanged),Cu alloy,Class 5,Class 5,NorthoverND:Long-flanged (Arreton type and cf);Needham1983:Class 5C,,"Bristol, England",GB,-2.63899483217219,51.4936652008058,142.0,85.0,23.0,375.0,1899,,,,,,
1225,1225.tif,45243,1142.23968,237,400,0.43575941,2.74902936,0.36376476,0.71698203,400,61.0,321.0,76,91,118,237,331.063,43.5,axehead (flanged),Cu alloy (C/G),Class 5,Class 5,NorthoverND:Long-flanged (Arreton type and cf);Needham1983:Class 5Ca,,"Bristol, England",GB,-2.63899483217219,51.4936652008058,129.0,72.0,25.0,350.0,1899,1.0,1.0,1.0,1.0,,
1226,1226.tif,43370,1080.76659,215,400,0.46659004,2.90975544,0.34367149,0.7512038,400,66.0,283.0,78,96,113,215,291.417,37.5,axehead (flanged),Cu alloy (D/E),Class 5,Class 5,NorthoverND:Other flanged;Needham1983:Class 5Da,,"Bristol, England",GB,-2.63899483217219,51.4936652008058,96.0,51.0,18.0,149.0,1899,,,,,,
1227,1227.tif,47505,1131.83766,236,400,0.46599462,2.73250085,0.36596512,0.7441376,400,72.5,297.0,90,103,117,236,305.945,45.0,axehead (flanged),Cu alloy,Class 5,Class 5,Needham1983:Class 5Da (Lavington style),,"Surrey, England",GB,-0.456792402944152,51.3783840447184,101.0,57.0,23.0,,1892,1.0,,,,1.0,
1230,1230.tif,46121,1077.69553,215,400,0.49901824,2.86167438,0.34944577,0.79039279,400,54.0,316.0,83,102,122,215,322.932,34.0,axehead (flanged),Cu alloy,Class 5,Class 5,Needham1983:Class 5Eb (reworked),,"Cambridgeshire, England",GB,-0.120591124397584,52.5604051220183,96.0,51.0,21.0,,,,1.0,,,,
1231,1231.tif,57330,1161.83766,256,400,0.53370455,2.40620555,0.41559209,0.79463865,400,67.5,315.0,107,126,147,256,323.814,39.5,axehead (flat/flanged),Cu alloy,Class 4,Class 4,Needham1983:Class 4Ec,,"Cambridgeshire, England",GB,0.265378700112196,52.3198600185804,81.0,,,138.0,,0.0,,,,,
1232,1232.tif,29693,956.717821,112,400,0.40765823,5.03386834,0.19865438,0.86374611,400,36.0,347.5,59,69,81,112,348.547,11.0,axehead (flanged),Cu alloy,North French/West German type,North French/West German type (Mägerkingen cf),Needham1983:Mägerkingen type,,"Norfolk, England",GB,0.342083695139511,52.6600550890816,147.0,40.0,22.0,241.0,c1850,,,,,,
1233,1233.tif,44620,1018.65895,159,400,0.54035829,3.24917631,0.30777031,0.92356095,400,34.0,333.5,89,113,130,159,335.394,10.0,axehead (flanged),Cu alloy,Class 5,Class 5,Needham1983:Class 5,,"Suffolk, England",GB,0.502790449232771,52.3793618294396,,,22.0,139.0,1883,,1.0,,,,
1234,1234.tif,72538,1157.45289,252,400,0.68040704,1.98664616,0.5033609,0.9202352,400,89.5,287.0,148,172,200,252,291.773,18.0,axehead (flat),Cu alloy,Class 1,Class 1A,Needham1983:Class 1A,,"East Sussex, England",GB,0.245149,50.773459,135.5,,,564.0,1917,,,,,,
1235,1235.tif,45296,1033.18586,174,400,0.53322783,3.11302009,0.32123146,0.89751033,400,43.5,336.5,81,111,133,174,339.79,12.5,axehead (flanged),Cu alloy,North French type?,North French type?,Needham1983:North French type?,,"Wiltshire, England",GB,-1.83386396757832,51.1575601865427,83.0,,,,1807,,,,,,
1236,1236.tif,47361,1051.61227,185,400,0.53816995,2.97639469,0.33597695,0.89801761,400,37.5,339.5,74,114,140,185,344.088,13.5,axehead (flat/flanged),Cu alloy,Class 4,Class 4,Needham1983:Class 4Db,,"Wiltshire, England",GB,-1.8307204453093,51.1569262468999,54.5,,,,1807,0.0,,,,,
1237,1237.tif,56456,1154.56558,255,400,0.53220966,2.36822865,0.42225653,0.79656294,400,68.0,311.0,102,122,154,255,320.4,36.0,axehead (flanged),Cu alloy,Class 5,Class 5,Needham1983:Class 5,,"Hampshire, England",GB,-1.30777001992546,51.0609117596692,,47.0,,102.0,1937,,1.0,,,1.0,
1238,1238.tif,68275,1209.03362,296,400,0.5869415,1.86779229,0.53539144,0.84292205,400,62.5,313.0,108,145,207,296,326.955,30.0,axehead (flat/flanged),Cu alloy,Class 3,Class 3,Needham1983:Class 3B,,"Berkshire, England",GB,-0.612888826430061,51.4432810464496,141.5,,,500.0,<1978,0.0,,,,,
1242,1242.tif,63587,1196.02143,279,400,0.55859916,2.08568608,0.47945854,0.80832131,400,81.0,294.0,116,132,163,279,305.375,43.5,axehead (flat/flanged),Cu alloy,Class 4,Class 4,Needham1983:Class 4Ec (reworked),,"West Berkshire, England",GB,-1.19615133342183,51.4673878119166,120.0,,,290.0,1878,1.0,,,,,
148,148.tif,67198,1149.47727,249,400,0.63909502,2.08090719,0.48055963,0.8848828,400,99.0,281.5,142,154,182,249,286.845,25.0,axehead (flat),Cu alloy,Class 2,Class 2A (Burley Camp type),Needham2017:Class 2A (Burley Camp type),,"Dorset, England",GB,,,,,,,<1884,,,,,,
2,2 fig 76.tif,48301,1124.58283,220,400,0.47993574,2.71033119,0.3689586,0.78808595,400,92.0,288.0,84,105,115,220,296.074,43.5,axehead (flat),Cu alloy,,,,,,GB,,,95.0,,,246.0,,,,,,,
2,2.tif,61107,1113.33514,243,400,0.61951096,2.15707522,0.46359069,0.86770135,400,103.5,279.0,110,131,170,243,286.952,25.0,axehead (flat),Cu alloy,,,,,,GB,,,95.0,,,246.0,,,,,,,
21,21.tif,105143,1296.69048,345,400,0.78581006,1.3064085,0.76545736,0.97934985,400,100.5,272.5,204,270,312,345,281.483,5.0,,,,,,,,,,,,,,,,,,,,,
25,25.tif,50978,1109.36962,217,400,0.52052323,2.69078186,0.37163919,0.82194078,400,36.0,290.5,95,120,169,217,296.7,20.5,,,,,,,,,,,,,,,,,,,,,
28,28.tif,64864,1177.70267,294,400,0.58768184,1.80853678,0.55293318,0.86171096,400,66.0,305.5,82,143,204,294,323.865,25.5,,,,,,,,,,,,,,,,,,,,,
36,36.tif,51672,1140.70772,255,400,0.49901819,2.29487878,0.43575286,0.79355597,400,40.5,331.5,76,106,175,255,343.5,30.5,,,,,,,,,,,,,,,,,,,,,
362,362.tif,50107,1101.31075,221,400,0.5191448,2.5462386,0.39273617,0.80903212,400,77.0,306.0,78,101,127,221,314.253,34.5,axehead (flat),Cu,Class 1/2,Class 1/2,SchmidtBurgess1981:Ballybeg-Roseisle type,,"Dumfries and Galloway, Scotland",GB,-3.34247230931033,55.1532797900677,155.0,78.0,35.0,700.0,<1891,,,,,,
370,370.tif,48496,1116.25693,209,400,0.4890885,2.84664187,0.35129112,0.81253246,400,82.5,293.0,83,112,121,209,299.834,37.5,axehead (flat),Cu alloy,Class 3,Class 3,SchmidtBurgess1981:Migdale type,,"Moray, Scotland",GB,-3.32272891749529,57.6486365580505,123.0,57.0,32.0,300.0,<1885,,,,,,
376,376.tif,69788,1102.13918,221,400,0.72196765,2.01731853,0.49570754,0.98159544,400,79.0,297.0,135,181,206,221,300.189,2.0,axehead (flat),Cu,Class 2,Class 2D (Halberton type),Needham2017:Class 2D (Halberton type),,"Cornwall, England",GB,-5.55127960723619,50.0884965648162,87.0,,,210.0,1973,0.0,,,,,16.0
377,377.tif,51785,1107.25188,231,400,0.53078788,2.51095642,0.39825462,0.80711653,400,69.0,313.0,89,108,142,231,321.083,32.0,axehead (flat),Cu alloy,Class 4,Class 4,Needham1983:Class 4Ec,,"Cornwall, England",GB,-4.644431,50.366732,96.0,,,186.0,,0.0,,,,,
385,385.tif,63232,1099.83766,229,400,0.6568854,2.19320388,0.45595396,0.92099073,400,95.0,286.5,120,151,180,229,291.739,14.0,axehead (flat),Cu alloy,Class 2,Class 2A (Burley Camp type),Needham2017:Class 2A (Burley Camp type),,"Devon, England",GB,-4.13033606387407,50.6681260423865,110.0,59.0,32.0,320.0,<1900,0.0,,,,,4.0
396,396.tif,64849,1115.89654,228,400,0.65443315,2.17818411,0.45909802,0.95226138,400,61.0,319.0,119,161,194,228,323.722,8.5,axehead (flat),Cu,Class 2,Class 2D (Halberton type),Needham2017:Class 2D (Halberton type),,"Devon, England",GB,-3.43526172461337,50.8918995648299,130.0,,,498.0,<1936,0.0,,,,,15.0
398,398.tif,71075,1180.70772,271,400,0.64068112,1.9657619,0.50870861,0.88145746,400,76.0,310.5,136,163,205,271,317.878,22.5,axehead (flat),Cu alloy,Class 2,Class 2B (Lode type),Needham2017:Class 2B (Lode type),,"Somerset, England",GB,-3.38530144062249,51.1245167495793,123.6,84.3,42.1,523.0,<1931,0.0,,,,,
407,407.tif,57120,1123.29351,245,400,0.56886808,2.18357929,0.45796368,0.87620129,400,56.0,317.5,83,125,183,245,327.798,21.5,axehead (flat/flanged),Cu alloy,Class 3,Class 3,Needham1983:Class 3B/D,,"Somerset, England",GB,-3.23277159495669,50.9504190962618,141.0,85.0,29.0,371.0,,0.0,,,,,
410,410.tif,49581,1095.16861,217,400,0.51947322,2.77006394,0.3610025,0.82934254,400,44.5,335.0,81,109,142,217,341.942,25.0,axehead (flat/flanged),Cu alloy,Class 4,Class 4,Needham1983:Class 4Ea,,"Devon, England",GB,-3.15228919673685,50.7178764319756,116.0,,,205.0,1872,0.0,,,,,
412,412.tif,60358,1098.22244,232,400,0.62887464,2.1095769,0.4740287,0.94577591,400,73.5,296.0,86,143,190,232,304.994,9.5,axehead (flat/flanged),Cu alloy,Class 3,Class 3,Needham1983:Class 3C,,"Somerset, England",GB,-3.03310930046185,50.9343712783712,112.0,63.0,25.0,238.0,1837,0.0,,,,,
414,414.tif,53449,1086.42345,220,400,0.569051,2.48855968,0.40183887,0.8516276,400,89.5,296.5,90,115,148,220,303.687,25.0,axehead (flat),Cu alloy,Class 1,Class 1A,Needham1983:Class 1A,,"Somerset, England",GB,,,128.0,70.0,30.0,329.0,<1927,,,,,,
42,42.tif,43877,1116.76659,235,400,0.44210147,2.49590284,0.40065662,0.74973301,400,36.5,346.0,56,87,153,235,357.514,30.0,,,,,,,,,,,,,,,,,,,,,
424,424.tif,49876,1116.36457,244,400,0.50290898,2.48262982,0.40279867,0.79109863,400,53.0,322.5,75,104,151,244,333.514,32.5,axehead (flat/flanged),Cu alloy,Class 4,Class 4E (Glebe Farm type),Needham2017:Class 4E (Glebe Farm type),,"Dorset, England",GB,-2.53239668424866,50.7039212744799,167.0,102.0,35.0,425.0,<1892,0.0,,,,,61.0
426,426-1.tif,46882,1076.19805,202,400,0.50866469,2.96254471,0.33754765,0.83170565,400,50.5,335.0,79,107,132,202,340.693,23.0,axehead (flat/flanged),Cu alloy,Class 4,Class 4,Needham1983:Class 4Ec (Hilgay style?),,"Dorset, England",GB,-2.48632,50.678179,,,,,1885,0.0,,,,,
426,426.tif,50339,1126.24683,255,400,0.4987091,2.10261888,0.47559737,0.74272056,400,101.5,219.5,75,88,157,255,237.319,43.5,axehead (flat/flanged),Cu alloy,Class 4,Class 4,Needham1983:Class 4Ec (Hilgay style?),,"Dorset, England",GB,-2.48632,50.678179,,,,,1885,0.0,,,,,
427,427.tif,68430,1121.10974,237,400,0.6841639,2.01821527,0.49548728,0.96639575,400,68.5,310.0,122,176,203,237,315.383,7.0,axehead (flat),Cu,Class 2,Class 2D (Halberton type),Needham2017:Class 2D (Halberton type),,"Dorset, England",GB,-2.42632670032506,50.6409584513278,58.0,35.0,19.0,96.0,<1885,0.0,,,,,19.0
430,430.tif,54988,1118.66609,237,400,0.55217513,2.40956456,0.41501274,0.83571564,400,51.5,317.0,102,123,174,237,324.33,24.5,axehead (flat/flanged),Cu alloy,Class 3,Class 3A (Lansdown type),Needham2017:Class 3A (Lansdown type),,"Bath and North East Somerset, England",GB,-2.39682244970659,51.4148448754457,136.0,81.0,34.0,436.2,<1964,0.0,,,,,24.0
435,435.tif,45890,1042.5412,185,400,0.53056851,3.06992288,0.32574108,0.87773995,400,47.0,327.0,78,109,128,185,331.429,19.0,axehead (flat/flanged),Cu alloy,Class 4,Class 4,Needham1983:Class 4D,,"Dorset, England",GB,-2.21052926620842,50.7692450348034,109.0,43.0,24.0,183.0,c1885,0.0,,,,,
450,450.tif,61183,1102.92597,220,400,0.63204486,2.3095358,0.43298744,0.94250218,400,58.5,322.5,106,149,183,220,327.588,10.5,axehead (flat),Cu alloy,Class 2/3,Class 2/3,Needham1983:Class 2/3A,,"Derbyshire, England",GB,-1.8729,53.2203,132.0,72.5,40.0,413.4,,0.0,,,,,
454,454.tif,45332,1071.63665,214,400,0.49604334,2.83152338,0.35316678,0.80852544,400,54.0,314.5,74,100,134,214,322.426,28.0,axehead (flat/flanged),Cu alloy,Class 3,Class 3,Needham1983:Class 3E,,"Derbyshire, England",GB,-1.7205,53.0873,176.0,94.0,55.0,599.2,<1964,0.0,,,,,
459,459.tif,47198,1089.16861,212,400,0.49996917,2.69683814,0.37080461,0.84262582,400,39.0,331.5,69,109,152,212,339.321,18.5,axehead (flat/flanged),Cu alloy,Class 3,Class 3,Needham1983:Class 3F,,"Derbyshire, England",GB,-1.669718,53.318272,172.0,,,,1863,0.0,,,,,
462,462.tif,43516,1081.61227,207,400,0.46742897,2.79875669,0.35730151,0.82097915,400,33.5,347.5,59,94,144,207,355.397,20.0,axehead (flat),Cu alloy,unclassified,unclassified,Needham1983:unclassified,,"Hampshire, England",GB,-1.602434,50.789892,199.5,,,,,,,,,,
463,463.tif,47045,1115.10974,231,400,0.47543168,2.54495893,0.39293365,0.77852338,400,37.0,341.5,72,93,156,231,350.75,30.5,axehead (flat/flanged),Cu alloy,Class 3,Class 3F (Moot Low type),Needham2017:Class 3F (Moot Low type),,"Derbyshire, England",GB,-1.59803361077101,53.1989502591242,133.0,74.0,23.0,198.0,1855,0.0,,,,,
471,471.tif,59414,1159.71991,272,400,0.5551271,2.07453886,0.48203484,0.83312066,400,61.5,320.0,83,127,184,272,333.955,29.0,axehead (flat/flanged),Cu alloy (IMP-LI 1),Class 3,Class 3E (Brithdir type),Needham2017:Class 3E (Brithdir type),,"Gloucestershire, England",GB,-1.67580874573131,51.915927001236,152.5,94.4,29.5,482.7,1979,0.0,,,,,37.0
473,473.tif,55860,1149.193,249,400,0.53152641,2.28893462,0.43688447,0.82587933,400,51.0,329.5,87,116,175,249,339.463,29.0,axehead (flat/flanged),Cu alloy,Class 3,Class 3E (Brithdir type),Needham2017:Class 3E (Brithdir type),,"Oxfordshire, England",GB,-1.158614,51.578846,128.0,,,347.3,1878,0.0,,,,,
482,482.tif,59057,1148.70772,258,400,0.56242183,2.18924325,0.45677884,0.83247464,400,58.0,321.0,99,123,185,258,330.821,29.0,axehead (flat/flanged),Cu alloy,Class 4,Class 4A (Kettering type),Needham2017:Class 4A (Kettering type),,"Northamptonshire, England",GB,-0.72292,52.39312,152.0,97.0,38.0,609.0,<1909,0.0,,,,,48.0
483,483.tif,60611,1157.57778,266,400,0.56840901,2.13181541,0.46908377,0.82881737,400,60.5,308.0,107,130,184,266,318.25,30.0,axehead (flat/flanged),Cu alloy,Class 3,Class 3B (Boreland type),Needham2017:Class 3B (Boreland type),,"Windsor and Maidenhead, England",GB,-0.699423206087378,51.5096897797427,136.5,,,,1952,0.0,,,,,27.0
484,484.tif,48666,1095.06811,218,400,0.50998013,2.73059914,0.36621999,0.81443239,400,44.5,332.0,84,105,149,218,338.812,25.0,axehead (flat/flanged),Cu alloy,Class 3,Class 3G (Knapton type),Needham2017:Class 3G (Knapton type);SchmidtBurgess1981:Migdale type (Biggar variant),,"North Yorkshire, England",GB,-1.144956,53.960308,131.0,70.0,28.0,303.5,<1909,0.0,,,,,46.0
493,493.tif,89022,1193.35952,300,400,0.78553331,1.4351044,0.69681342,0.98916631,400,105.0,234.0,161,242,281,300,244.139,2.0,axehead (flat),Cu alloy,Class 1,Class 1,Needham1983:Class 1,,"Hertfordshire, England",GB,-0.366,51.3388,71.0,,,,1979,,,,,,
496,496.tif,54414,1124.28131,237,400,0.5409667,2.31042707,0.43282041,0.86172411,400,42.5,335.5,78,121,177,237,344.84,19.5,axehead (flat/flanged),Cu alloy,Class 3,Class 3,Needham1983:Class 3D,,"Lincolnshire, England",GB,-0.28078,53.059205,144.0,,,,1977,0.0,,,,,
498,498.tif,59142,1145.23463,258,400,0.56665265,2.07568469,0.48176874,0.82895207,400,76.0,278.5,99,120,187,258,290.203,28.0,axehead (flat/flanged),Cu alloy,Class 4,Class 4A (Kettering type),Needham2017:Class 4A (Kettering type),,"Surrey, England",GB,-0.243897,51.2826,163.0,,,,<1980,0.0,,,,,
501,501.tif,50916,1108.22244,235,400,0.52096706,2.42921116,0.41165627,0.81525603,400,54.0,322.5,79,108,160,235,331.919,26.5,axehead (flat/flanged),Cu alloy,Class 3,Class 3E (Brithdir type),Needham2017:Class 3E (Brithdir type),,"Greater London, England",GB,-0.181436,51.466908,184.0,107.0,36.0,848.8,1906,0.0,,,,,38.0
502,502.tif,56810,1132.36457,247,400,0.55675241,2.3015224,0.43449501,0.81286621,400,100.0,270.5,106,119,142,247,279.712,38.5,axehead (flat/flanged),Cu alloy,Class 4,Class 4,Needham1983:Class 4Ec (reworked),,"Greater London, England",GB,-0.30871,51.4103,135.0,,,436.0,<1909,1.0,,,,,
504,504.tif,70742,1194.04582,301,400,0.62351257,1.7747852,0.56344847,0.87957477,400,64.5,297.0,115,162,224,301,311.37,25.0,axehead (flat/flanged),Cu alloy (IMP-LI 1),Class 3,Class 3,Needham1983:Class 3B,,"East Sussex, England",GB,-0.00433344616716413,50.876924903517,129.5,97.0,39.0,437.3,1870,0.0,,,,,
510,510.tif,66056,1154.06306,269,400,0.6232511,1.90240158,0.52565137,0.91627365,400,64.5,315.5,90,153,211,269,327.949,15.0,axehead (flat/flanged),Cu alloy,Class 3,Class 3C (Harlyn Bay type),Needham2017:Class 3C (Harlyn Bay type),,"Cambridgshire, England",GB,0.308814,52.449402,105.0,,,220.3,<1909,0.0,,,,,
511,511.tif,62437,1175.82042,277,400,0.56750527,1.98322565,0.50422906,0.83327105,400,59.5,320.5,96,134,197,277,333.066,28.5,axehead (flat/flanged),Cu alloy,Class 3,Class 3,Needham1983:Class 3B,,"Cambridgeshire, England",GB,0.291696,52.297142,145.0,,,,,0.0,,,,,
512,512.tif,55510,1146.16356,262,400,0.5309919,2.20392181,0.4537366,0.80235894,400,54.0,314.5,89,114,177,262,326.312,32.0,axehead (flat/flanged),Cu alloy,Class 3,Class 3,Needham1983:Class 3E,,"Cambridgeshire, England",GB,0.291696,52.297142,114.0,,,228.0,,0.0,,,,,
514,514.tif,59349,1107.05087,236,400,0.60853858,2.26972062,0.44058286,0.8824474,400,72.0,303.5,104,134,178,236,310.702,20.0,axehead (flat/flanged),Cu alloy,Class 3,Class 3,Needham1983:Class 3Ab (Exning style),,"Suffolk, England",GB,0.3501,52.2667,121.0,70.0,32.0,371.0,1857,0.0,,,,,
5154,5154.tif,40596,1087.26912,202,400,0.43153796,3.2431466,0.30834252,0.74308778,400,56.5,321.0,73,89,100,202,327.521,38.5,axehead (flat/flanged),Cu alloy (IMP-LI 6),Class 4,Class 4E (Whittington type),Needham1988:Class 4E (Migdale),,"Kent, England",GB,0.91045363,50.956632,174.5,88.4,24.8,427.7,1985,0.0,,,,,
5155,5155.tif,39435,1057.61227,191,400,0.44303573,3.31121423,0.30200402,0.75906606,400,63.0,324.5,65,85,100,191,330.664,33.5,axehead (flat/flanged),Cu alloy (IMP-LI 6),Class 4,Class 4E (Whittington type),Needham1988:Class 4E (Migdale),,"Kent, England",GB,0.91045363,50.956632,167.2,81.0,30.0,473.4,1985,0.0,,,,,
5156,5156.tif,31313,1034.6417,172,400,0.36758229,3.98377381,0.25101827,0.68618449,400,46.0,307.0,55,63,86,172,312.633,31.5,axehead (flat/flanged),Cu alloy,Class 4,Class 4E (Whittington type),Needham1988:Class 4E (Migdale),,"Kent, England",GB,0.91045363,50.956632,170.5,77.3,22.9,511.7,1985,0.0,,,,,
5157,5157.tif,29978,982.541197,113,400,0.39022131,4.63075342,0.21594758,0.78978844,400,223.0,150.5,58,63,67,113,153.214,19.0,axehead (flat/flanged),Cu alloy,Class 4,Class 4D/4E,Needham1988:Class 4E? (Migdale),,"Kent, England",GB,0.91045363,50.956632,176.5,84.2,29.8,518.8,1985,0.0,,,,,
5158,5158.tif,32833,998.499567,150,400,0.41383257,4.23504719,0.23612488,0.77468295,400,44.0,328.0,67,70,96,150,330.841,20.5,axehead (flat/flanged),Cu alloy (IMP-LI 6),Class 4,Class 4D/4E,Needham1988:Class 4E? (Migdale),,"Kent, England",GB,0.91045363,50.956632,136.5,66.7,23.4,260.7,1985,0.0,,,,,
518,518.tif,46469,1064.9676,206,400,0.51487333,2.79269105,0.35807756,0.85560936,400,49.0,335.0,64,104,142,206,342.442,20.5,axehead (flat/flanged),Cu alloy,Class 3/4,Class 3/4,Needham1983:Class 3/4,,"Cambridgeshire, England",GB,0.396818027786744,52.3082731318256,142.0,,,355.0,,0.0,,,,,
521,521.tif,73385,1112.52395,231,400,0.74507231,1.89851295,0.52672804,0.98954295,400,81.5,281.5,138,196,216,231,285.48,2.0,axehead (flat),Cu,Class 2,Class 2D (Halberton type),Needham2017:Class 2D (Halberton type),,"East Sussex, England",GB,0.385542519368092,50.9955207774312,82.0,,,177.0,1927,0.0,,,,,
524,524.tif,49950,1075.89654,209,400,0.54225596,2.72441077,0.36705184,0.86003547,400,62.5,317.0,80,116,140,209,323.627,22.5,axehead (flat/flanged),Cu alloy,Class 4,Class 4,Needham1983:Class 4Ea,,"Norfolk, England",GB,0.494164668586703,52.8983351065192,99.0,,,,1846,0.0,,,,,
528,528.tif,54721,1119.79603,233,400,0.5483856,2.33686643,0.42792347,0.86157165,400,45.0,330.5,85,121,177,233,338.821,20.0,axehead (flat/flanged),Cu alloy,Class 3,Class 3,Needham1983:Class 3E (Cockertons style),,"Suffolk, England",GB,0.5089,52.34461,154.0,,,530.0,<1927,0.0,,,,,
529,529.tif,64160,1141.61227,234,400,0.61863853,2.26841696,0.44083606,0.90119321,400,60.0,327.0,122,149,183,234,331.92,17.0,axehead (flat),Cu alloy,Class 2,Class 2B (Lode type),Needham2017:Class 2B (Lode type),,"Suffolk, England",GB,0.539038,52.366848,143.0,82.0,,727.0,<1912,0.0,,,,,
530,530.tif,38114,1003.71277,165,400,0.47541786,3.40773946,0.29344966,0.84980101,400,47.0,328.0,63,84,121,165,332.018,16.0,axehead (flat/flanged),Cu alloy,Class 4,Class 4,Needham1983:Class 4B/C (axe-chisel),,"Norfolk, England",GB,0.604204107753766,52.5916372540055,72.5,28.0,,,1970,0.0,,,,,103.0
535,535.tif,64024,1161.53615,264,400,0.59633076,2.09354222,0.47765934,0.86586199,400,51.0,317.0,116,146,200,264,325.751,22.0,axehead (flat/flanged),Cu alloy,Class 3,Class 3,Needham1983:Class 3Ab (Bradenham style),,"Norfolk, England",GB,0.873704484591943,52.6483497694857,114.0,,,293.5,1963,0.0,,,,,
536,536.tif,79402,1186.90873,274,400,0.70828274,1.77799076,0.56243262,0.95922201,400,82.0,300.5,142,197,229,274,307.77,10.5,axehead (flat),Cu alloy,Class 2,Class 2B (Lode type),Needham2017:Class 2B (Lode type),,"Norfolk, England",GB,1.00440990296284,52.6041425236287,97.0,,,,1949,0.0,,,,,
537,537.tif,67181,1167.7544,253,400,0.61908931,2.1336658,0.46867696,0.87750051,400,73.5,312.5,128,154,182,253,318.791,23.5,axehead (flat),Cu alloy,Class 2,Class 2B (Lode type),Needham2017:Class 2B (Lode type),,"Suffolk, England",GB,,,132.0,85.0,42.0,613.0,,,,,,,
539,539.tif,69196,1200.26407,288,400,0.60358334,1.84654546,0.54155179,0.88016587,400,54.0,318.0,104,152,221,288,331.047,23.5,axehead (flat/flanged),Cu alloy,Class 3,Class 3,Needham1983:Class 3B,,"Norfolk, England",GB,1.17865736338097,52.7754549097727,94.0,70.0,27.0,257.0,<1849,0.0,,,,,
540,540.tif,57918,1132.56558,248,400,0.56740963,2.20359488,0.45380392,0.87265988,400,48.5,329.0,85,128,187,248,339.124,19.5,axehead (flat/flanged),Cu alloy,Class 3,Class 3,Needham1983:Class 3D,,"Norfolk, England",GB,1.23737323781741,52.6123886887758,137.0,85.0,30.0,411.0,1929,0.0,,,,,
541,541.tif,66937,1145.10974,248,400,0.64147818,2.11307045,0.47324499,0.89510705,400,76.5,306.5,129,152,192,248,312.343,20.5,axehead (flat),Cu alloy,Class 2,Class 2,Needham1983:Class 2C,,"Norfolk, England",GB,1.24991371566322,52.9354021211033,125.0,78.0,41.0,446.5,1924,0.0,,,,,
543,543.tif,49329,1113.16861,225,400,0.50025365,2.53573084,0.39436362,0.83220582,400,31.5,343.5,74,107,166,225,351.937,21.5,axehead (flat/flanged),Cu alloy,Class 4,Class 4B (Aylesford type),Needham2017:Class 4B (Aylesford type),,"Norfolk, England",GB,1.22621491095245,52.7477746436337,183.0,,,,1953,0.0,,,,,
546,546.tif,51790,1152.54834,256,400,0.48993388,2.28466945,0.43770008,0.79599773,400,38.5,334.0,76,106,177,256,346.045,30.5,axehead (flat/flanged),Cu alloy (B1*),Class 3,Class 3E (Brithdir type),Needham1983:Class 3E (Brithdir style);SchmidtBurgess1981:Killaha type,,"Caerphilly, Wales",GB,-3.24787043055319,51.6961618714197,167.0,97.0,32.0,576.5,1867,0.0,,,,,36.0
547,547.tif,53723,1126.50671,252,400,0.53198888,2.33153241,0.42890247,0.81249527,400,53.5,319.5,84,115,164,252,330.518,29.5,axehead (flat/flanged),Cu alloy (B1*),Class 4,Class 4A (Walton Heath type),LodwickGwiltND:Class 4A (Walton Heath type);Needham2017:Class 4A (Kettering type);NorthoverND:Aylesford/Newport type;SchmidtBurgess1981:Developed (Aylesford type),,"Caerphilly, Wales",GB,-3.24787043055319,51.6961618714197,131.0,83.0,29.0,374.8,1867,0.0,,,,,49.0
5500,5500.tif,42611,1055.51176,191,400,0.48062398,3.19839623,0.3126567,0.81091214,400,67.0,314.0,71,99,106,191,319.796,32.5,axehead (flat/flanged),Cu alloy,Class 4,Class 4,Needham1983:Class 4Ec,,"Greater London, England",GB,-0.353029554077452,51.4668955794512,115.04,55.93,,209.2,1864,0.0,,,,,
6295,6295.tif,50030,1148.76659,249,400,0.4764055,2.32380127,0.4303294,0.74855989,400,86.5,291.5,78,94,122,249,303.922,46.5,axehead (flanged),Cu alloy,Class 5,Class 5,Needham1983:Class 5Ca,,"Dorset, England",GB,-2.83133920385072,50.792100275092,126.0,77.0,24.0,333.0,<1921,1.0,1.0,1.0,1.0,,
6398,6398.tif,40181,1113.69553,226,400,0.40709677,2.96649933,0.33709767,0.68203383,400,69.0,278.5,75,80,98,226,288.983,48.0,axehead (flanged),Cu alloy,Class 5,Class 5,Needham1983:Class 5B (Syon style),,"Greater London, England",GB,-0.309528827786228,51.4752688717923,125.0,71.0,24.0,226.0,1917,1.0,,1.0,,,
6583,6583.tif,50608,1228.89149,270,400,0.42111622,2.43298672,0.41101745,0.71997325,400,74.5,305.5,76,108,124,270,320.689,53.5,axehead (flanged),Cu alloy,Danish type,Danish type (Class 5 cf),Needham1983:Danish type,,"Kent, England",GB,1.20355080997063,51.3778934334112,116.0,69.0,24.0,323.4,1854,,,,,,
6606,6606.tif,30982,994.943218,146,400,0.39329889,4.53679792,0.22041978,0.7712049,400,42.0,339.0,55,70,83,146,342.11,24.0,axehead (flanged),Cu alloy,Class 5,Class 5,Needham1983:Class 5Ba;Rowlands1976:Flanged Class 1 Group 2b,,"Lincolnshire, England",GB,-0.603069769769391,53.61888343814,94.0,33.0,12.5,99.0,c1910,,1.0,,,1.0,
6730,6730.tif,46617,1086.98485,196,400,0.49580078,3.13720946,0.31875462,0.79358891,400,57.0,318.5,104,109,114,196,321.888,33.0,axehead (flanged),Cu alloy,Class 5,Class 5,Needham1983:Class 5Db (Bridgham style),,"Suffolk, England",GB,0.609959566665459,52.3527630428155,72.0,33.0,19.0,78.0,1878,,1.0,,1.0,,
676,676.tif,42267,1050.92597,193,400,0.48091358,3.16538037,0.3159178,0.81282692,400,44.0,335.5,70,94,126,193,341.202,22.5,axehead (flat/flanged),Cu alloy,Class 4,Class 4D (Cardiff Castle type),Needham2017:Class 4D (Cardiff Castle type);SchmidtBurgess1981:Developed (Falkland type),,"North Yorkshire, England",GB,-0.446534911414862,54.1742606555445,148.0,70.0,25.0,392.9,1889,0.0,,,,,59.0
6796,6796.tif,56158,1167.6539,253,400,0.51759876,2.51624034,0.39741832,0.80059305,400,36.0,337.0,106,131,147,253,345.086,38.5,axehead (flanged),Cu alloy,Class 5,Class 5,Needham1983:Class 5Ea,,"Wiltshire, England",GB,-1.79397378560481,51.1725584134264,80.0,50.0,22.0,113.7,<1881,,1.0,,,,
681,681.tif,44210,1106.34019,217,400,0.4538925,2.7673805,0.36135255,0.78037156,400,61.0,323.5,61,92,129,217,332.891,29.5,axehead (flat/flanged),Cu alloy,Class 4,Class 4E (Whittington type),Needham2017:Class 4E (Whittington type);SchmidtBurgess1981:Developed (Scrabo Hill type),,England,GB,,,218.0,116.0,32.0,,<1853,1.0,,,,,65.0
729,729.tif,47904,1127.93817,241,400,0.47316331,2.45920904,0.40663481,0.75217862,400,81.5,305.5,67,96,106,241,317.785,49.5,axehead (flanged),Cu alloy,Class 5,Class 5D (Staunton type),Needham2017:Class 5D (Staunton type),,"Cambridgeshire, England",GB,0.194747360517574,52.3751447688433,133.0,80.0,22.0,402.1,<1880,,1.0,,,,91.0
730,730.tif,39853,1050.09755,187,400,0.45416284,3.18486847,0.31398471,0.82171134,400,37.0,344.0,55,86,121,187,350.282,21.5,axehead (flat/flanged),Cu alloy,Class 4,Class 4,Needham1983:Class 4C (Clunbury style),,"Dorset, England",GB,-2.42683839252889,51.549612556218,158.0,,,311.0,1866,0.0,,,,,
731,731.tif,41111,1099.06811,218,400,0.42767975,2.86856032,0.34860693,0.74579131,400,28.5,336.0,62,86,139,218,345.279,29.0,axehead (flat/flanged),Cu alloy,Class 3,Class 3,Needham1983:Class 3F (Hartle Moor style),,"Suffolk, England",GB,0.60407,52.32408,193.0,102.0,31.0,671.2,1872,0.0,,,,,
734,734.tif,44168,1088.38182,212,400,0.46854903,2.87449685,0.34788697,0.77218133,400,65.0,307.0,74,94,115,212,314.779,35.5,axehead (flanged),Cu alloy,Class 5,Class 5,Needham1983:Class 5Ca,,"Dorset, England",GB,-2.46071381485435,50.6142985254342,88.0,,19.0,75.0,1867,,,,,,
736,736.tif,42539,1075.12698,192,400,0.46246366,3.26876172,0.30592625,0.77733718,400,69.0,315.5,82,92,108,192,320.357,32.0,axehead (flat/flanged),Cu alloy,Class 4,Class 4,Needham1983:Class 4Eb (miniature),,"Suffolk, England",GB,0.509364680724521,52.3657339051646,65.0,32.0,14.0,33.3,<1912,1.0,,,,,
739,739.tif,48554,1104.72496,225,400,0.49994996,2.7022616,0.3700604,0.80818942,400,38.0,338.5,80,106,150,225,346.297,25.5,axehead (flat/flanged),Cu alloy (B1),Class 3,Class 3G (Knapton type),Needham2017:Class 3G (Knapton type);NorthoverND:Aylesford/Newport type,,"Newport, Wales",GB,-2.99957366108326,51.5906388489824,143.0,78.0,30.0,381.0,1864,0.0,,,,,44.0
740,740.tif,49564,1114.28131,233,400,0.50163348,2.54959747,0.39221878,0.80161086,400,43.0,308.0,81,112,158,233,317.723,25.0,axehead (flat/flanged),Cu alloy (B1*/F*),Class 4,Class 4B (Aylesford type),Needham2017:Class 4B (Aylesford type);NorthoverND:Aylesford/Newport type,,"Newport, Wales",GB,-2.99957366108326,51.5906388489824,157.0,93.0,28.0,478.0,1864,0.0,,,,,51.0
741,741.tif,57180,1148.95036,252,400,0.54431648,2.20976487,0.45253684,0.84982425,400,47.0,328.5,84,127,187,252,339.208,21.0,axehead (flat/flanged),Cu alloy (B1?),Class 3,Class 3E (Brithdir type),Needham2017:Class 3E (Brithdir type);SchmidtBurgess1981:Killaha type,,"Caerphilly, Wales",GB,-3.24787043055319,51.6961618714197,157.0,99.0,35.0,549.8,1867,0.0,,,,,35.0
743,743.tif,49196,1126.22244,241,400,0.48740649,2.29968942,0.43484133,0.75771251,400,90.0,293.0,71,88,113,241,305.229,47.0,axehead (flanged),Cu alloy (D/E),Class 5,Class 5D (Staunton type),Needham2017:Class 5D (Staunton type);NorthoverND:Long-flanged (Cookstown/Bannockburn and cf types),,"Gloucestershire, England",GB,-2.66136330453013,51.8092730296354,125.0,74.0,23.0,356.7,1927,,1.0,,1.0,,90.0
744,744.tif,43666,1120.52395,231,400,0.43702973,2.63436253,0.37959848,0.74851937,400,33.0,350.0,60,87,147,231,360.447,31.0,axehead (flat/flanged),Cu alloy,Class 3,Class 3F (Moot Low type),Needham2017:Class 3F (Moot Low type),,"Staffordshire, England",GB,-1.80001390153389,53.0605802008263,,,,908.15,<1964,0.0,,,,,43.0
745,745.tif,41065,1058.9676,201,400,0.46016792,3.08702998,0.32393595,0.76697515,400,48.0,327.5,71,83,127,201,333.99,28.5,axehead (flat/flanged),Cu alloy,Class 4,Class 4C (Mount Pleasant type),Needham2017:Class 4C (Mount Pleasant type),,"Oxfordshire, England",GB,-1.21388103932881,51.6376734996869,,,,390.8,,0.0,,,,,55.0
751,751.tif,46974,1112.8671,221,400,0.47662937,2.92129816,0.34231357,0.78340922,400,54.5,326.5,82,116,117,221,333.945,39.0,axehead (flanged),Cu alloy (IMP-LI 0),Class 5,Class 5D (West Drayton type),Needham2017:Class 5D (West Drayton type),,"Suffolk, England",GB,0.590429566702751,52.1063452855838,101.5,,,209.5,1845,,1.0,,,1.0,88.0
752,752.tif,51325,1158.66609,254,400,0.48042127,2.30011502,0.43476087,0.79764708,400,29.5,352.0,68,106,176,254,364.238,28.0,axehead (flat/flanged),Cu alloy,Class 3,Class 3E/3F borderline,Needham2017:Class 3E/3F borderline,,"Norfolk, England",GB,0.467850040858652,52.7923788484046,119.6,72.5,,287.2,<1866,0.0,,,,,39.0
753,753.tif,53191,1099.6539,219,400,0.55275921,2.62867312,0.38042007,0.85716588,400,64.0,315.0,95,128,138,219,321.143,29.5,axehead (flanged),Cu alloy,Class 5,Class 5E (cf 5B type),Needham2017:Class 5E (cf 5B type),,"Devon, England",GB,-4.07515432791676,50.3628725772618,105.0,54.8,25.2,292.6,1868,,1.0,,1.0,,95.0
754,754.tif,47542,1184.00418,255,400,0.426168,2.55863644,0.39083317,0.70571645,400,81.0,240.0,89,99,124,255,253.957,48.5,axehead (flanged),Cu alloy,Class 5,Class 5E (Clifton type),Needham2017:Class 5E (Clifton type),,"Devon, England",GB,-4.07515432791676,50.3628725772618,114.0,70.2,25.4,265.9,1868,1.0,,,,1.0,94.0
755,755.tif,44568,1052.48232,193,400,0.50559572,2.96887997,0.33682736,0.84300522,400,47.0,327.0,76,99,138,193,332.281,19.5,axehead (flat/flanged),Cu alloy,Class 3,Class 3G (Knapton type),Needham2017:Class 3G (Knapton type),,"Greater London, England",GB,-0.076327,51.507645,148.0,73.0,28.0,424.3,1834,0.0,,,,,45.0
756,756.tif,44361,1081.87929,225,400,0.47627038,2.58699584,0.38654875,0.7660335,400,84.0,275.0,72,92,113,225,286.154,39.5,axehead (flanged),Cu alloy,Class 5,Class 5D (West Drayton type),Needham2017:Class 5D (West Drayton type),,"Dorset, England",GB,-2.4044806684467,50.6578079936183,157.0,88.0,29.0,569.4,1815,,,,,,87.0
757,757.tif,51384,1111.12698,216,400,0.52301047,2.66777596,0.37484407,0.83325631,400,35.0,318.5,98,116,167,216,324.111,21.5,axehead (flat/flanged),Cu alloy,Class 3,Class 3A (Lansdown type),Needham2017:Class 3A (Lansdown type),,"Cambridgeshire, England",GB,-0.225971955895237,52.5080852417826,117.5,,,267.3,<1882,0.0,,,,,25.0
758,758.tif,81183,1207.82042,281,400,0.69931078,1.76494935,0.5665885,0.92863352,400,74.5,291.0,173,198,236,281,296.068,16.0,axehead (flat),Cu,Class 2,Class 2C (Ironbridge type),Needham2017:Class 2C (Ironbridge type),,"Greater London, England",GB,-0.320099,51.461932,91.0,,,271.8,<1891,0.0,,,,,14.0
759,759.tif,39578,1092.13918,219,400,0.41697281,2.99231025,0.33418995,0.69990097,400,70.5,303.0,67,81,92,219,312.519,48.0,axehead (flanged),Cu alloy,Class 5,Class 5C (Bisham type),Needham2017:Class 5C (Bisham type),,"Windsor and Maidenhead, England",GB,-0.782397335363871,51.5620587237122,160.5,87.0,25.0,534.1,<1931,1.0,,1.0,,,83.0
761,761.tif,46826,1131.05087,246,400,0.45997333,2.48443497,0.40250601,0.72271826,400,70.0,306.0,78,89,120,246,317.466,46.5,axehead (flanged),Cu alloy,Class 5,Class 5D (West Drayton type),Needham2017:Class 5D (West Drayton type),,"Greater London, England",GB,-0.471403,51.509053,149.0,92.0,29.0,507.4,1912,,,,,,86.0
763,763.tif,54093,1104.18081,230,400,0.55753296,2.33489372,0.42828502,0.88398088,400,49.5,323.0,79,124,174,230,331.821,17.0,axehead (flat/flanged),Cu alloy,Class 3,Class 3D (Barton Stacey type),Needham2017:Class 3D (Barton Stacey type),,"Hampshire, England",GB,-1.457685,51.184972,154.5,,,549.2,<1979,0.0,,,,,33.0
764,764.tif,40849,1164.70772,236,400,0.37840545,2.97059548,0.33663284,0.64757451,400,69.5,287.5,86,80,96,236,296.998,54.5,axehead (flanged),Cu alloy (IMP-LI 8),Class 5,Class 5D (West Drayton type),Needham2017:Class 5D (West Drayton type),,"Isle of Wight, England",GB,-1.22926845623877,50.6805596684939,119.0,70.5,,244.0,1735,1.0,,,,,
766,766.tif,40221,1082.8671,214,400,0.43103488,2.87257127,0.34812017,0.7160329,400,82.0,288.5,69,75,98,214,297.717,43.5,axehead (flanged),Cu alloy,Class 5,Class 5C,Needham1983:Class 5Da,,"Devon, England",GB,-4.07515432791676,50.3628725772618,131.0,71.0,23.0,268.0,1868,1.0,,1.0,,,
77,77.tif,46573,1097.61227,215,400,0.48578732,2.87378765,0.34797282,0.81419905,400,60.0,320.5,69,112,124,215,329.17,37.0,,,,,,,,,,,,,,,,,,,,,
771,771.tif,37227,1086.82547,212,400,0.39604842,2.87132812,0.34827089,0.68594645,400,72.5,303.0,56,68,88,212,313.006,46.0,axehead (flanged),Cu alloy (IMP-LI 8),Class 5,Class 5,Needham1983:Class 5B (Liss style),,"Isle of Wight, England",GB,-1.22926845623877,50.6805596684939,202.0,106.0,,829.9,1735,1.0,,1.0,,,
772,772.tif,42419,1164.64885,243,400,0.39298891,2.6446489,0.37812203,0.67486537,400,85.5,249.0,77,84,101,243,262.658,54.5,axehead (flanged),Cu alloy (IMP-LI 8),Class 5,Class 5D (West Drayton type),Needham2017:Class 5D (West Drayton type),,"Isle of Wight, England",GB,-1.22926845623877,50.6805596684939,112.0,63.0,,196.1,1735,1.0,,,,,
773,773.tif,46271,1136.9676,238,400,0.44980323,2.74526881,0.36426305,0.72632661,400,68.5,313.0,81,96,110,238,322.893,48.5,axehead (flanged),Cu alloy,Class 5,Class 5A (Horncastle type),Needham2017:Class 5A (Horncastle type),,"Lincolnshire, England",GB,-0.107367579705477,53.2075227289873,117.5,71.0,24.0,232.2,<1909,,1.0,,,1.0,74.0
774,774.tif,39947,1086.18081,215,400,0.42549042,2.9047351,0.34426547,0.71610139,400,65.0,256.0,72,81,107,215,265.83,40.0,axehead (flanged),Cu alloy,Class 5,Class 5,Needham1983:Class 5Da,,"Greater London, England",GB,-0.265671536258084,51.4926132208925,116.0,63.0,21.0,209.5,<1909,,1.0,,1.0,,
780,780.tif,50703,1098.52395,225,400,0.52798849,2.48889851,0.40178416,0.84283055,400,52.5,330.0,74,107,160,225,338.647,22.5,axehead (flat/flanged),Cu alloy,Class 3,Class 3,Needham1983:Class 3E/F,,"Nottinghamshire, England",GB,-1.081142,52.9516,165.0,92.0,29.0,,1926,0.0,,,,,
787,787.tif,31804,1027.91378,173,400,0.37824939,3.94552125,0.25345194,0.69428163,400,46.0,307.0,56,67,89,173,312.645,31.0,axehead (flat/flanged),Cu alloy,Class 4,Class 4F (Asterton Prolley Moor type),Needham2017:Class 4F (Asterton Prolley Moor type),,"Wiltshire, England",GB,-1.83479743514981,51.1704695093353,160.0,,,,1808,0.0,,,,,73.0
788,788.tif,43232,1080.52395,217,400,0.46531429,2.80109183,0.35700365,0.78433222,400,45.5,338.0,58,91,133,217,347.34,27.0,axehead (flat/flanged),Cu alloy,Class 4,Class 4C (Mount Pleasant type),Needham2017:Class 4C (Mount Pleasant type),,"Dorset, England",GB,-2.41225771130037,50.7082256939665,120.0,,,202.0,,0.0,,,,,56.0
81,81.tif,44883,1102.19805,211,400,0.46427197,3.15372324,0.31708553,0.75804354,400,61.5,309.5,90,103,111,211,315.467,40.5,,,,,,,,,,,,,,,,,,,,,
816,816.tif,59939,1109.16861,223,400,0.61224354,2.38269613,0.41969263,0.89043884,400,56.0,318.0,123,145,174,223,321.986,16.0,axehead (flat),Cu,Class 2,Class 2C (Purdis Farm type),Needham2017:Class 2C (Purdis Farm type),,"Suffolk, England",GB,1.22043,52.032347,120.0,,,,,0.0,,,,,10.0
82,82.tif,37388,1082.38182,215,400,0.40103393,3.07559709,0.32514012,0.69222295,400,61.0,311.5,57,78,96,215,321.485,44.0,,,,,,,,,,,,,,,,,,,,,
823,823.tif,43236,1001.87215,142,400,0.54129095,3.36636208,0.29705658,0.92316562,400,80.5,288.0,90,96,126,142,289.22,12.0,axehead (flat/flanged),Cu alloy,Class 4,Class 4,Needham1983:Class 4B/C (axe-chisel),,"East Sussex, England",GB,0.086587,50.843857,,,,,,0.0,,,,,102.0
828,828.tif,40063,1061.61227,187,400,0.44670568,3.52603912,0.28360434,0.76947307,400,50.5,327.0,73,89,99,187,332.031,32.5,axehead (flanged),Cu alloy,Class 5,Class 5B (Ashford type),Needham2017:Class 5B (Ashford type),,"Kent, England",GB,0.866310747903015,51.1645981152486,97.0,,,156.0,1936,,1.0,,1.0,,78.0
829,829.tif,61231,1131.63665,247,400,0.60085158,2.22604339,0.44922754,0.85704888,400,75.0,311.5,116,135,182,247,318.417,24.0,axehead (flat),Cu (A1),Class 2,Class 2A (Burley Camp type),Needham2017:Class 2A (Burley Camp type);NorthoverND:Ballybeg type,,"Flintshire, Wales",GB,-3.28081453492311,53.1838901765975,156.0,94.0,45.0,665.0,1962,0.0,,,,,5.0
83,83.tif,39311,1094.23968,217,400,0.41257132,3.01979877,0.33114789,0.69336461,400,73.0,299.5,67,79,91,217,308.993,48.0,,,,,,,,,,,,,,,,,,,,,
830,830.tif,65718,1154.18081,254,400,0.6199355,2.16478998,0.46193857,0.8671408,400,75.5,312.5,127,146,181,254,319.015,26.0,axehead (flat),Cu (A*),Class 1,Class 1A (Minto type),Needham2017:Class 1A (Minto type);NorthoverND:Loch Ravel type,,"Flintshire, Wales",GB,-3.28081453492311,53.1838901765975,160.0,100.0,47.0,940.0,1962,,,,,,
836,836.tif,45835,1062.38182,199,400,0.51032382,3.1077374,0.32177751,0.78519546,400,63.0,281.5,107,104,110,199,285.328,36.5,axehead (flanged),Cu alloy,Class 5,Class 5B (Ashford type),Needham2017:Class 5B (Ashford type),,"Norfolk, England",GB,0.866711,52.428196,71.0,35.0,18.0,71.0,1920,,1.0,,,,79.0
837,837.tif,40981,1039.6539,177,400,0.47644727,3.33840217,0.2995445,0.85150017,400,47.0,333.0,62,109,109,177,338.033,23.5,axehead (flat/flanged),Cu alloy,unclassified,unclassified (Kirtomy-Arnull cf),Needham1983:Class 4D/E (axe-chisel;perforated),,"Cambridgeshire, England",GB,0.041233,52.391384,104.5,45.0,,95.7,,,,,,,
838,838.tif,47089,1114.48232,226,400,0.4764123,2.68918695,0.37185961,0.78156665,400,35.5,337.0,78,99,155,226,345.156,27.0,axehead (flat/flanged),Cu alloy,Class 3,Class 3F (Moot Low type),Needham2017:Class 3F (Moot Low type),,"Cambridgeshire, England",GB,0.360899,52.322485,139.0,,,,,0.0,,,,,41.0
839,839.tif,44339,1041.32799,181,400,0.51383144,3.03748356,0.32921989,0.89489671,400,51.0,339.0,61,105,134,181,344.361,13.0,axehead (flat/flanged),Cu alloy,Class 4,Class 4D (Cardiff Castle type),Needham2017:Class 4D (Cardiff Castle type),,"Cambridgeshire, England",GB,0.231091007144989,52.2216009463283,175.0,79.0,25.0,612.0,,0.0,,,,,58.0
840,840.tif,45698,1114.88434,201,400,0.4620058,3.10950279,0.32159482,0.79131421,400,81.5,306.0,86,106,113,201,311.449,39.5,axehead (flanged),Cu alloy,Class 5,Class 5,Needham1983:Class 5 (Irish style),,"Cambridgeshire, England",GB,0.291696,52.297142,104.5,52.0,22.0,182.0,1840,1.0,,,,1.0,96.0
841,841.tif,76086,1194.9676,271,400,0.66957982,1.8998535,0.52635637,0.92081473,400,65.5,320.5,142,182,216,271,326.947,16.5,axehead (flat),Cu alloy,Class 2,Class 2B (Lode type),Needham2017:Class 2B (Lode type);BM-NBII:C,,"Cambridgeshire, England",GB,0.243845,52.244725,112.5,,,219.0,1891,0.0,,,,,7.0
842,842.tif,49395,1069.02648,199,400,0.54314518,2.78306396,0.35931621,0.87153292,400,50.0,324.0,87,113,147,199,328.891,18.0,axehead (flat/flanged),Cu alloy,Class 3,Class 3G (Knapton type),Needham2017:Class 3G (Knapton type),,"Norfolk, England",GB,0.519232,52.526035,176.5,,,,,0.0,,,,,47.0
844,844.tif,43526,1073.45289,210,400,0.47467094,2.93281052,0.34096986,0.80384878,400,48.5,335.0,60,98,127,210,343.411,28.5,axehead (flat/flanged),Cu alloy,Class 4,Class 4,Needham1983:Class 4Ec (Digby style),,"Greater London, England",GB,-0.273719,51.470251,158.0,83.0,30.0,,,0.0,,,,,
845,845.tif,47681,1124.42345,233,400,0.47390952,2.76071508,0.36222499,0.77468359,400,55.0,321.0,77,107,127,233,330.341,37.0,axehead (flat/flanged),Cu alloy,Class 4,Class 4E (Whittington type),Needham2017:Class 4E (Whittington type),,"Greater London, England",GB,-0.287503,51.486639,125.0,,,,,0.0,,,,,
846,846.tif,44494,1072.38182,209,400,0.48619717,2.92864045,0.34145537,0.77892249,400,67.5,305.5,78,96,107,209,312.549,39.0,axehead (flanged),Cu alloy,Class 5,Class 5,Needham1983:Class 5Da,,"Greater London, England",GB,-0.22364,51.49204,103.5,53.0,21.0,,,,1.0,,1.0,,
85,85.tif,45290,1164.95036,255,400,0.41936999,2.53884597,0.39387974,0.67473146,400,82.5,268.0,80,83,108,255,282.593,54.5,,,,,,,,,,,,,,,,,,,,,
850,850.tif,25863,933.646753,105,400,0.37284093,5.52306951,0.18105874,0.87696455,400,32.5,353.0,42,64,75,105,354.454,10.5,axehead (flat/flanged),Cu alloy (H),Class 4,Class 4F (Asterton Prolley Moor style),KnightND:Class 4E;Needham2017:Class 4F (Asterton Prolley Moor style);Savory1980:Wilsford type;NorthoverND:Whittington/Swinton/etc type,,"Vale of Glamorgan, Wales",GB,-3.48440536254543,51.4536378571171,84.0,42.0,15.0,,1938,0.0,,,,,107.0
851,851.tif,15415,916.818326,94,400,0.23045536,8.07777167,0.12379652,0.64752583,400,38.0,349.0,24,33,41,94,350.806,20.5,axe-chisel (flat),Cu alloy (C),unclassified,unclassified,Narrow-tanged chisel,,"Ynys Môn (Anglesey), Wales",GB,-4.23711767588529,53.2820091336143,110.0,22.0,6.5,19.0,1908,,,,,,
852,852.tif,33714,1000.98485,153,400,0.42282936,4.15730706,0.24054033,0.77887514,400,41.5,329.0,70,73,100,153,331.818,20.0,axehead (flat/flanged),Cu alloy (C),Class 4,Class 4E,Needham1983:Class 4B/C (axe-chisel);NorthoverND:Whittington/Swinton/etc type,,"Ynys Môn (Anglesey), Wales",GB,-4.23711767588529,53.2820091336143,79.0,29.0,13.0,33.4,1908,0.0,,,,,104.0
854,854.tif,44965,1040.2153,174,400,0.52220135,3.24926403,0.307762,0.86552713,400,49.5,333.0,87,103,125,174,335.909,17.0,axehead (flat/flanged),Cu alloy (F*),Class 4,Class 4D (Cardiff Castle type),Needham2017:Class 4D (Cardiff Castle type);NorthoverND:Whittington/Swinton/etc type,,"Cardiff, Wales",GB,-3.18011170950789,51.4828583979917,109.0,46.0,23.0,159.0,1937,0.0,,,,,60.0
857,857.tif,46529,1122.18081,232,400,0.46430986,2.51153596,0.39816272,0.77027754,400,35.5,320.5,72,99,167,232,330.13,27.5,axehead (flat/flanged),Cu alloy (IMP-LI 5),Class 4,Class 4B (Aylesford type),Needham2017:Class 4B (Aylesford type),,"Norfolk, England",GB,1.27791072191022,52.6506648080215,166.0,97.0,,509.5,1977,0.0,,,,,52.0
858,858.tif,46370,1107.26912,214,400,0.4752702,3.05472461,0.32736175,0.77258868,400,62.0,317.0,90,108,114,214,323.119,40.0,axehead (flanged),Cu alloy,Class 5,Class 5B (Maidenhead type),Needham2017:Class 5B (Maidenhead type),,"Norfolk, England",GB,,,112.5,59.0,24.0,277.0,<1894,1.0,,,,,
859,859.tif,36886,996.156421,147,400,0.46710697,3.75752226,0.26613282,0.88296828,400,51.0,329.0,58,86,103,147,332.063,14.5,axehead (flanged),Cu alloy,Class 5,Class 5B (Greengate type),Needham2017:Class 5B (Greengate type),,"Norfolk, England",GB,1.40911245262502,52.6881062225921,78.0,29.0,14.0,85.0,<1894,,1.0,,,,
860,860.tif,42949,1087.6539,213,400,0.45622752,2.99895704,0.33344926,0.76093369,400,50.5,327.0,70,92,121,213,334.946,32.0,axehead (flat/flanged),Cu alloy,Class 4,Class 4,"Needham1983:Class 4Ec (Shippea style);SchmidtBurgess1981:Developed (Falkland type, Aylesford variant)",,"Nottinghamshire, England",GB,-0.813614835522989,53.1177625720725,142.0,78.0,23.0,306.0,<1887,0.0,,,,,
861,861.tif,54240,1154.32294,258,400,0.51153445,2.18235694,0.45822018,0.77922638,400,106.5,271.5,83,109,123,258,285.478,50.0,axehead (flanged),Cu alloy,Class 5,Class 5E (Clifton type),Needham2017:Class 5E (Clifton type),,"Nottinghamshire, England",GB,-1.19097349773983,52.9141683194295,112.0,72.0,22.0,255.0,c1938,,,1.0,,,93.0
862,862.tif,42575,1093.49452,218,400,0.44743639,2.87734727,0.34754234,0.73832254,400,65.0,320.0,66,84,109,218,329.247,39.5,axehead (flat/flanged),Cu alloy (E),Class 4,Class 4F (Asterton Prolley Moor type),Needham2017:Class 4F (Asterton Prolley Moor type);NorthoverND:Whittington/Swinton/etc type,,"Powys, Wales",GB,-3.22649517888756,52.4534360616283,115.0,61.0,18.0,192.0,<1874,0.0,,,,,71.0
864,864.tif,43967,1080.34019,207,400,0.47338624,2.9017946,0.34461433,0.81788418,400,33.0,345.0,63,95,139,207,352.538,21.5,axehead (flat/flanged),Cu alloy (C),Class 4,Class 4C (Mount Pleasant type),Needham1983:Class 4C (Clunbury style);NMW:Class 4C (Mount Pleasant type);NorthoverND:Aylesford/Newport type,,"Shropshire, England",GB,-2.92261603027851,52.4184382155958,169.0,78.0,25.0,490.0,1928,0.0,,,,,
87,87.tif,44370,1082.80823,224,400,0.47555002,2.59753221,0.38498079,0.76241698,400,86.0,274.5,71,92,112,224,285.133,40.5,,,,,,,,,,,,,,,,,,,,,
876,876.tif,57097,1153.71991,270,400,0.53904172,2.0774755,0.48135345,0.82274705,400,54.5,322.5,78,122,183,270,336.646,28.5,axehead (flat/flanged),Cu alloy (A/E?),Class 3,Class 3B (Boreland type),Needham2017:Class 3B (Boreland type);NMW:Class 3B (Boreland type);NorthoverND:Migdale type,,"Ynys Môn (Anglesey), Wales",GB,-4.26642524473105,53.2688684015502,152.0,98.0,28.0,494.8,<1921,0.0,,,,,26.0
878,878.tif,12383,1923.1026,134,400,0.04207565,2.04498367,0.48900146,0.23102612,400,36.5,336.0,41,32,27,134,342.166,69.0,axehead (flat/flanged),Cu alloy,Class 4,Class 4,Needham1983:Class 4D/E (axe-chisel),,"Cheshire, England",GB,-2.240443,53.159114,,,,75.0,,0.0,,,,,106.0
887,887.tif,37733,1057.4285,184,400,0.42406182,3.69808917,0.27040992,0.75078594,400,47.5,337.5,65,83,94,184,342.845,34.0,axehead (flanged),Cu alloy,Class 5,Class 5B (Greengate type),Needham2017:Class 5B (Greengate type),,"Norfolk, England",GB,0.983052,52.710304,82.7,,,84.7,,,1.0,1.0,,1.0,80.0
89,89.tif,40535,1165.73716,235,400,0.37483381,2.99020408,0.33442534,0.6416761,400,72.5,263.0,81,79,95,235,273.737,54.5,,,,,,,,,,,,,,,,,,,,,
897,897.tif,43441,1112.13918,225,400,0.4413584,2.82628893,0.35382087,0.72989843,400,60.5,326.5,64,88,109,225,336.344,42.5,axehead (flanged),Cu alloy,Class 5,Class 5C (Bisham type),Needham2017:Class 5C (Bisham type),,"Wiltshire, England",GB,-1.82042015261211,51.176648325291,110.0,62.0,,199.7,1952,,1.0,,1.0,,84.0
90,90.tif,48614,1127.73716,245,400,0.4803474,2.27285664,0.43997496,0.73942703,400,96.0,278.0,71,88,110,245,291.471,49.5,,,,,,,,,,,,,,,,,,,,,
900,900.tif,57695,1122.28131,234,400,0.57563154,2.38768242,0.41881617,0.8675418,400,47.0,315.0,106,137,175,234,321.538,19.5,axehead (flat/flanged),Cu alloy,Class 3,Class 3A (Scunthorpe type),Needham2017:Class 3A (Scunthorpe type),,"North Lincolnshire, England",GB,-0.653236203750397,53.5603557130645,125.5,67.5,32.5,,1969,0.0,,,,,22.0
901,901.tif,49073,1090.90873,225,400,0.51817402,2.63567052,0.37941009,0.81485479,400,64.5,312.0,77,110,133,225,320.771,32.5,axehead (flat/flanged),Cu alloy,Class 4,Class 4E (Glebe Farm type?),Needham2017:Class 4E (Glebe Farm type?),,"North Lincolnshire, England",GB,-0.671477770129749,53.5515706639616,99.0,,,,1956,0.0,,,,,62.0
902,902.tif,53337,1147.73716,254,400,0.50880757,2.28708873,0.43723708,0.80604188,400,40.0,339.5,80,110,176,254,350.597,29.0,axehead (flat/flanged),Cu alloy,Class 4,Class 4A (Kettering type),Needham2017:Class 4A (Kettering type),,"Derbyshire, England",GB,-1.755,53.1281,137.0,85.0,27.0,349.0,1848,0.0,,,,,50.0
903,903.tif,60449,1158.36457,247,400,0.56611994,2.21647711,0.4511664,0.87748407,400,50.0,330.5,99,142,184,247,338.802,18.5,axehead (flat/flanged),Cu alloy,Class 3,Class 3A (Scunthorpe type),Needham2017:Class 3A (Scunthorpe type),,"Derbyshire, England",GB,-1.672332,53.17266,124.0,75.0,31.0,453.5,1848,0.0,,,,,23.0
904,904.tif,46042,1100.90873,228,400,0.47737692,2.56174258,0.39035928,0.79423155,400,38.5,332.0,68,96,153,228,341.627,27.0,axehead (flat/flanged),Cu alloy,Class 3,Class 3F (Moot Low type),Needham2017:Class 3F (Moot Low type),,"Derbyshire, England",GB,-1.76997762634574,53.0829537383062,128.0,72.0,23.0,,1845,0.0,,,,,40.0
905,905.tif,44985,1091.91378,199,400,0.47413378,3.18211775,0.31425613,0.78793186,400,47.5,333.0,87,103,115,199,337.848,32.5,axehead (flanged),Cu alloy,Class 5,Class 5,NorthoverND:Whittington/Swinton/etc type;Needham1983:Class 5Da,,"Shropshire, England",GB,-2.6015847286069,52.3827492044935,91.0,50.0,20.0,,1889,,,,1.0,,
908,908.tif,73799,1154.62446,252,400,0.69563085,1.93290442,0.51735616,0.94427064,400,68.5,301.5,152,184,216,252,305.791,10.5,axehead (flat),Cu,Class 2,Class 2C (Ironbridge type),Needham2017:Class 2C (Ironbridge type);NMW:Class 2C (Ironbridge type);NorthoverND:Growtown type,,"Telford and Wrekin, England",GB,-2.48548828595125,52.6272270238777,109.0,68.0,41.0,270.0,1974,0.0,,,,,13.0
91,91.tif,47300,1127.10974,240,400,0.46788444,2.49242281,0.40121604,0.74541601,400,82.0,300.5,68,95,105,240,312.703,50.0,,,,,,,,,,,,,,,,,,,,,
918,918.tif,60286,1134.84986,254,400,0.58823318,2.08278946,0.48012534,0.89374161,400,56.0,323.5,83,139,191,254,334.736,17.5,axehead (flat/flanged),Cu alloy,Class 3,Class 3C (Harlyn Bay type),Needham2017:Class 3C (Harlyn Bay type),,"Cornwall, England",GB,-5.004734,50.542254,111.0,,,276.0,,0.0,,,,,30.0
927,927.tif,53680,1136.66609,247,400,0.52210345,2.36558749,0.42272797,0.81697257,400,43.5,339.0,83,113,171,247,348.898,27.5,axehead (flat/flanged),Cu alloy (IMP-LI 1),Class 3,Class 3B (Boreland type),Needham2017:Class 3B (Boreland type),,"Gloucestershire, England",GB,-1.67580874573131,51.915927001236,143.0,84.2,,335.8,1979,0.0,,,,,
928,928.tif,47738,1093.79603,220,400,0.50141971,2.62808441,0.38050528,0.82176548,400,39.0,337.5,75,102,157,220,345.305,24.0,axehead (flat/flanged),Cu alloy,Class 4,Class 4,Needham1983:Class 4B (Chertsey style),,"Norfolk, England",GB,0.685628595936813,52.7157100012422,138.5,,,332.0,<1908,0.0,,,,,
93,93.tif,54292,1163.49452,260,400,0.50398432,2.18361784,0.45795559,0.76923186,400,107.0,271.5,84,110,122,260,285.574,52.0,,,,,,,,,,,,,,,,,,,,,
933,933.tif,44405,1062.6417,194,400,0.4941605,3.018279,0.33131463,0.84627699,400,37.0,344.5,70,98,138,194,350.125,18.0,axehead (flat/flanged),Cu alloy,Class 4,Class 4,Needham1983:Class 4C,,"Nottinghamshire, England",GB,-1.22165736697067,52.9031363183316,173.0,75.5,30.0,602.0,c1958,0.0,,,,,
935,935.tif,92574,1245.31075,284,400,0.75014189,1.54174557,0.64861545,0.983663,400,84.0,298.0,195,240,265,284,301.382,3.0,axehead (flat),Cu,Class 2,Class 2D (Halberton type),Needham2017:Class 2D (Halberton type),,"Nottinghamshire, England",GB,-1.22087378029662,52.905378567418,,,,310.0,,0.0,,,,,
939,939.tif,55986,1106.58283,213,400,0.57454156,2.66292314,0.37552717,0.85935318,400,43.5,318.5,122,136,140,213,321.744,29.0,axe-chisel (flanged),Cu alloy,Class 5,Class 5,Needham1983:Class 5F (axe-chisel;reworked),,"Cambridgeshire, England",GB,0.0363961970998318,52.126211569001,61.0,32.0,18.0,76.4,<1853,,1.0,,1.0,,
94,94.tif,46489,1166.84986,250,400,0.42907194,2.63643809,0.37929963,0.70037814,400,81.0,265.5,91,95,116,250,277.926,49.5,,,,,,,,,,,,,,,,,,,,,
940,940.tif,45247,1065.16861,193,400,0.50114446,3.18766046,0.3137097,0.81365594,400,47.5,321.0,93,106,113,193,324.955,31.0,axehead (flanged),Cu alloy,Class 5,Class 5,Needham1983:Class 5Db (Saltdean style),,"Suffolk, England",GB,0.584162934899624,52.2503657974375,93.0,40.0,24.0,150.5,1869,,1.0,,,,
941,941.tif,44180,1081.06811,206,400,0.47503922,3.1332176,0.31916073,0.76748024,400,57.5,319.0,83,96,108,206,325.033,37.5,axehead (flanged),Cu alloy,Class 5,Class 5,Needham1983:Class 5Db (Bridgham style),,"Norfolk, England",GB,0.717502668678167,52.4060920874448,69.5,,,,,,1.0,,,,
946,946.tif,39439,1013.81328,166,400,0.48219179,3.44651124,0.29014848,0.85819044,400,47.0,334.0,64,91,119,166,337.903,15.5,axehead (flat/flanged),Cu alloy (C),Class 4,Class 4C (or 4D),"NMW:Class 4C (or 4D);NorthoverND:Whittington/Swinton/etc type;Needham1983:Class 4C;SchmidtBurgess1981:Developed (Bandon type, Swinton variant)",,"Shropshire, England",GB,-2.72001765786252,52.7529247241495,116.0,49.0,19.0,118.0,1862,0.0,,,,,
948,948.tif,53342,1113.21025,229,400,0.5409097,2.50889824,0.39858133,0.81090284,400,76.5,277.0,101,115,148,229,284.818,29.5,axehead (flat),Cu alloy,Iberian type?,Iberian type?,Needham1983:Iberian type?,,"Oxfordshire, England",GB,-1.18207092164626,51.7993004064693,150.5,,,,<1935,,,,,,
949,949.tif,43761,1067.69553,206,400,0.4823944,2.9578226,0.33808654,0.79552437,400,62.5,306.5,74,103,112,206,313.55,35.5,axehead (flanged),Cu alloy,Class 5,Class 5,Needham1983:Class 5Cc,,"Suffolk, England",GB,0.587824657862845,52.3132334873437,101.0,50.0,17.5,177.0,1897,,1.0,,,1.0,
951,951.tif,53494,1090.22244,225,400,0.56556784,2.46124369,0.40629865,0.85598617,400,60.0,309.5,95,121,164,225,316.39,21.5,axehead (flat/flanged),Cu alloy,Class 3,Class 3,Needham1983:Class 3Ab (Exning style),,"Norfolk, England",GB,1.00056,51.911381,122.0,,,,c1964,0.0,,,,,
952,952.tif,46485,1088.34019,211,400,0.49316627,2.70249297,0.37002872,0.8361589,400,36.5,344.5,68,101,152,211,352.059,19.5,axehead (flat/flanged),Cu alloy,Class 4,Class 4,Needham1983:Class 4B (Blashford style),,"Hampshire, England",GB,-1.78326692286426,50.8618577657667,197.0,,,74.5,1969,0.0,,,,,
953,953.tif,60503,1105.55339,225,400,0.62205292,2.33009171,0.42916766,0.90790135,400,58.5,314.0,118,145,177,225,318.616,16.5,axehead (flat),Cu alloy,Class 2,Class 2,Needham1983:Class 2C,,"Derbyshire, England",GB,-1.70670830386589,53.1444794906264,49.5,,,31.5,1843,0.0,,,,,
954,954.tif,43237,1046.6417,184,400,0.49598592,2.95454607,0.33846147,0.9007896,400,33.5,344.5,57,99,141,184,350.395,11.5,axehead (flat/flanged),Cu alloy,Class 4,Class 4,Needham1983:Class 4C,,"Cambridgeshire, England",GB,0.260345300198282,52.2210441295895,142.0,,,304.7,1893,0.0,,,,,
957,957.tif,54977,1094.23968,215,400,0.57698694,2.48624185,0.40221349,0.901654,400,46.5,313.5,96,132,163,215,319.2,15.5,axehead (flat),Cu alloy,Class 2/3,Class 2/3,Needham1983:Class 2/3A,,"Buckinghamshire, England",GB,-0.561997367299246,51.6202609416996,56.4,,,,1980,0.0,,,,,
96,96-1.tif,57088,1151.82042,263,400,0.54073583,2.19698739,0.45516875,0.80833139,400,60.0,307.5,96,117,170,263,318.796,35.5,axehead (flat),Cu alloy,Class 1,Class 1A (Minto type),Needham2017:Class 1A (Minto type),,England,GB,,,148.0,100.0,37.0,,,,,,,,
96,96.tif,44995,1103.529,195,400,0.46430848,3.16576568,0.31587935,0.79387764,400,83.5,301.5,85,105,111,195,306.566,38.5,axehead (flat),Cu alloy,Class 1,Class 1A (Minto type),Needham2017:Class 1A (Minto type),,England,GB,,,148.0,100.0,37.0,,,,,,,,
963,963.tif,45669,1146.84986,245,400,0.43633318,2.64823438,0.37761008,0.73274984,400,70.0,298.0,75,98,117,245,310.101,48.0,axehead (flanged),Cu alloy,Class 5,Class 5,Needham1983:Class 5Eb,,"Isle of Wight, England",GB,-1.45679345992413,50.6499169602566,109.0,,,244.7,1839,1.0,,,1.0,,
965,965.tif,43744,1100.58283,219,400,0.45381923,2.97377046,0.33627343,0.74920787,400,60.5,323.0,73,95,109,219,331.257,41.5,axehead (flanged),Cu alloy,Class 5,Class 5,Needham1983:Class 5Cb,,"West Sussex, England",GB,-0.266502908227869,50.8410932397259,107.0,,,,,,1.0,,1.0,1.0,
966,966.tif,41449,1107.99704,217,400,0.42427429,3.01415547,0.33176789,0.70870558,400,66.5,306.5,77,82,102,217,314.511,44.0,axehead (flanged),Cu alloy,Class 5,Class 5,Needham1983:Class 5B (Syon style),,"Kent, England",GB,1.2910379058978,51.1322718828892,117.0,60.0,,,1856,,,1.0,,,
968,968.tif,45218,1138.13918,237,400,0.43866246,2.66434468,0.37532681,0.72668542,400,78.5,297.0,73,92,109,237,308.276,50.5,axehead (flanged),Cu alloy,Class 5,Class 5,Needham1983:Class 5Cb,,"Kent, England",GB,1.2910379058978,51.1322718828892,131.5,77.0,,380.0,1856,1.0,,1.0,,1.0,
97,97.tif,43454,1074.92597,206,400,0.4725878,2.9535936,0.33857061,0.76925392,400,73.0,306.5,73,94,112,206,313.845,34.5,,,,,,,,,,,,,,,,,,,,,
970,970.tif,66034,1224.4062,298,400,0.55351122,1.92264024,0.5201181,0.80716787,400,49.5,329.5,114,139,209,298,342.373,34.0,axehead (flat),Cu alloy,North Indian type?,North Indian type?,North Indian type?,,"Norfolk, England",GB,1.6673522927721,52.5904436879295,210.0,,,,,,,,,,
971,971.tif,36411,1076.38182,194,400,0.39492058,3.49538368,0.28609163,0.70685187,400,57.0,322.5,66,74,96,194,328.887,37.5,axehead (flat/flanged),Cu alloy,Class 4,Class 4,Needham1983:Class 4E/5Ba,,"Cambridgeshire, England",GB,0.375695397033246,52.4615651945238,90.0,43.0,15.0,92.3,<1856,,1.0,1.0,1.0,,
973,973.tif,48934,1173.83766,255,400,0.446277,2.56705172,0.38955195,0.73628697,400,76.0,294.0,85,108,116,255,306.042,54.0,axehead (flanged),Cu alloy,Class 5,Class 5,Needham1983:Class 5Eb,,"Cambridgeshire, England",GB,0.307953569583274,52.2920594296076,93.0,60.0,19.0,166.2,1865,1.0,,,,,
975,975.tif,63273,1159.7544,242,400,0.59114801,2.24176258,0.44607757,0.88008123,400,45.0,285.5,120,161,194,242,292.063,12.5,axehead (flat),Cu,Class 2,Class 2C (Purdis Farm type),Needham2017:Class 2C (Purdis Farm type),,"Cambridgeshire, England",GB,0.127834596995562,52.205524416929,110.0,66.0,33.5,350.0,<1883,0.0,,,,,
976,976.tif,46995,1098.9676,219,400,0.48898072,2.86679412,0.3488217,0.78062191,400,61.5,313.5,83,104,119,219,320.939,37.5,axehead (flat/flanged),Cu alloy,Class 4,Class 4,Needham1983:Class 4Ec (reworked),,"Cambridgeshire, England",GB,0.127834596995562,52.205524416929,98.0,56.0,24.0,200.0,c1880,0.0,,,,,
980,980.tif,53737,1111.71277,219,400,0.54638415,2.48405412,0.40256772,0.8812089,400,41.0,338.0,85,120,170,219,344.688,16.5,axehead (flat/flanged),Cu alloy,Class 3,Class 3E,Needham1983:Class 3E,,"Norfolk, England",GB,0.467850040858652,52.7923788484046,105.0,56.4,,177.6,<1873,0.0,,,,,
982,982.tif,48209,1088.38182,211,400,0.51141732,2.92308812,0.34210395,0.80054799,400,67.5,313.5,93,112,115,211,319.105,37.5,axehead (flat/flanged),Cu alloy,Class 4,Class 4,Needham1983:Class 4Ec/5,,"Lincolnshire, England",GB,-0.582645625352603,53.0302833594148,75.0,40.0,18.0,86.0,1899,0.0,,,,,
989,989.tif,36391,1063.06811,200,400,0.40465198,3.2470085,0.30797579,0.70607295,400,62.0,309.5,61,73,96,200,317.318,39.0,axehead (flanged),Cu alloy,Class 5,Class 5,Needham1983:Class 5B (Combe style),,"East Sussex, England",GB,0.23165170625652,50.798316205477,185.5,87.0,29.0,,1908,1.0,,1.0,,,
990,990.tif,41310,1066.66609,210,400,0.45625547,2.93460297,0.3407616,0.76278932,400,59.5,313.5,60,84,114,210,322.348,34.0,axehead (flanged),Cu alloy,Class 5,Class 5,Needham1983:Class 5Ca Margate,,"East Sussex, England",GB,0.23165170625652,50.798316205477,139.0,73.0,24.0,,1908,,,,,,
991,991.tif,44018,1121.41126,230,400,0.43985583,2.73220102,0.36600528,0.7234686,400,68.5,317.5,66,86,110,230,327.967,43.5,axehead (flanged),Cu alloy,Class 5,Class 5,Needham1983:Class 5A (Stonehenge Bottom style),,"East Sussex, England",GB,0.23165170625652,50.798316205477,120.5,70.0,20.0,,1908,1.0,,1.0,1.0,,
992,992.tif,54169,1154.26407,247,400,0.51091697,2.45087541,0.40801748,0.77693952,400,68.0,311.0,101,107,145,247,319.584,38.0,axehead (flanged),Cu alloy,Class 5,Class 5,Needham1983:Class 5,,"East Sussex, England",GB,0.23165170625652,50.798316205477,,77.5,,,1908,,1.0,,1.0,,
993,993.tif,52599,1129.79603,233,400,0.51783007,2.71058753,0.36892371,0.77360003,400,62.5,320.0,111,112,132,233,325.894,39.0,axehead (flanged),Cu alloy,Class 5,Class 5,Needham1983:Class 5F,,"Devon, England",GB,-3.5037846410778,50.5486174357976,80.0,,,141.0,<1959,,1.0,,,,
995,995.tif,58431,1123.49452,240,400,0.58171635,2.1816179,0.45837541,0.88387853,400,66.0,313.0,86,130,182,240,322.452,17.5,axehead (flat/flanged),Cu alloy (A*),Class 3,Class 3D (Barton Stacey type),Needham1983:Class 3D;NorthoverND:Migdale type;NMW:Class 3D (Barton Stacey type),,"Shropshire, England",GB,-2.7150219273126,52.4472964051308,137.5,83.5,31.5,352.0,<1874,0.0,,,,,
997,997-1.tif,47345,1101.26912,215,400,0.49056557,2.72811185,0.36655389,0.80732208,400,39.0,344.5,78,94,155,215,351.363,27.5,axehead (flat/flanged),Cu alloy,Class 4,Class 4,NorthoverND:Aylesford/Newport type;Needham1983:Class 4B,,"Worcestershire, England",GB,-2.0087132914287,52.0988382511328,131.0,72.0,28.0,369.0,1907,0.0,,,,,
997,997.tif,47347,1101.26912,215,400,0.49058629,2.72804195,0.36656328,0.80735619,400,39.0,344.5,78,94,155,215,351.363,27.5,axehead (flat/flanged),Cu alloy,Class 4,Class 4,NorthoverND:Aylesford/Newport type;Needham1983:Class 4B,,"Worcestershire, England",GB,-2.0087132914287,52.0988382511328,131.0,72.0,28.0,369.0,1907,0.0,,,,,
