carving_id,stone,source,hc_recurve,hc_ring,hc_axe_note,area_px,perim_px,width_px,height_px,area_rel,perim_cm,width_cm,height_cm,circularity,aspect_ratio,roundness,solidity,lda_p_mushroom,rf_p_mushroom,mahal_dist_to_axe_centroid,mahal_dist_to_mushroom_centroid,nearest_centroid
F630,53,Lomas 2021 ImageJ,0.0,0.0,,,,,,0.002,17.4,5.3,5.3,0.829,1.081,0.925,0.928,0.9986502632720167,0.5766666666666667,10.77777951518271,4.170623785857393,mushroom
F622,53,Lomas 2021 ImageJ,0.0,0.0,,,,,,0.002,19.6,6.1,5.3,0.568,1.234,0.811,0.764,0.9999523537406503,0.9766666666666667,9.28167308204102,1.6683512173957626,mushroom
F623,53,Lomas 2021 ImageJ,0.0,0.0,,,,,,0.002,21.7,7.6,5.5,0.609,1.218,0.821,0.779,0.9998740979750357,0.9233333333333333,9.187212819319804,1.9893491635744467,mushroom
F720,53,Lomas 2021 ImageJ,1.0,0.0,,,,,,0.002,24.5,7.4,7.000000000000001,0.476,1.139,0.878,0.678,0.9999999619053149,0.9833333333333333,12.140114399490226,1.9142441093471447,mushroom
F612,53,Lomas 2021 ImageJ,0.0,0.0,,,,,,0.003,24.1,6.800000000000001,7.4,0.599,1.337,0.748,0.773,0.9952245055801056,0.7966666666666666,7.255952727330795,1.656202275663382,mushroom
F616,53,Lomas 2021 ImageJ,1.0,0.0,,,,,,0.003,25.1,6.6000000000000005,7.8,0.621,1.311,0.763,0.812,0.995242859091986,0.6366666666666667,7.481956894503239,1.862417794431925,mushroom
F621,53,Lomas 2021 ImageJ,0.0,0.0,,,,,,0.003,26.200000000000003,7.6,7.8,0.489,1.542,0.649,0.707,0.9835000823848222,0.8266666666666667,5.790970673178708,0.8965105975025058,mushroom
F624,53,Lomas 2021 ImageJ,0.0,0.0,,,,,,0.003,27.3,8.200000000000001,8.0,0.514,1.323,0.756,0.715,0.9998679566945556,0.8333333333333334,8.312950834560212,1.067629548344569,mushroom
F628,53,Lomas 2021 ImageJ,1.0,0.0,,,,,,0.004,29.4,9.0,8.200000000000001,0.523,1.32,0.758,0.731,0.9998348806510937,0.8333333333333334,8.270811553703082,1.1287055463493014,mushroom
F608,53,Lomas 2021 ImageJ,0.0,0.0,,,,,,0.003,26.0,7.6,8.200000000000001,0.575,1.396,0.716,0.756,0.9888861130316464,0.95,6.608134862014398,1.4335852650354783,mushroom
F627,53,Lomas 2021 ImageJ,0.0,0.0,,,,,,0.003,29.299999999999997,8.0,8.4,0.485,1.397,0.716,0.705,0.99960327470831,0.9666666666666667,7.569444825694818,0.800225191406631,mushroom
F597,53,Lomas 2021 ImageJ,1.0,0.0,,,,,,0.003,36.3,10.2,8.6,0.332,1.085,0.922,0.571,0.9999999999844915,1.0,15.12074014422881,2.666808968764955,mushroom
F595,53,Lomas 2021 ImageJ,1.0,0.0,,,,,,0.004,33.6,10.2,8.6,0.43,1.135,0.881,0.66,0.99999999415606,0.9966666666666667,12.754468352578026,1.9503333569644477,mushroom
F636,53,Lomas 2021 ImageJ,0.0,0.0,,,,,,0.004,28.6,8.200000000000001,8.799999999999999,0.566,1.47,0.68,0.748,0.946903544999425,0.9766666666666667,5.744076722632841,1.3853239136741609,mushroom
F617,53,Lomas 2021 ImageJ,0.0,0.0,,,,,,0.003,27.3,7.000000000000001,9.0,0.52,1.53,0.654,0.726,0.9609257525219227,0.7966666666666666,5.554172461647911,1.0810607977010378,mushroom
F629,53,Lomas 2021 ImageJ,0.0,0.0,,,,,,0.003,28.000000000000004,7.199999999999999,9.0,0.479,1.663,0.601,0.708,0.8726194684376343,0.88,4.7324968651841415,1.0079663064970166,mushroom
F603,53,Lomas 2021 ImageJ,0.0,0.0,,,,,,0.003,27.9,7.000000000000001,9.0,0.541,1.812,0.552,0.745,0.051989113949352024,0.22333333333333333,2.8511165755381054,1.5026802638021324,mushroom
F605,53,Lomas 2021 ImageJ,0.0,0.0,,,,,,0.003,28.4,7.4,9.2,0.508,1.572,0.636,0.715,0.9363903780051633,0.86,5.234546655409588,1.053909880848547,mushroom
F620,53,Lomas 2021 ImageJ,0.0,0.0,,,,,,0.005,29.9,8.4,9.4,0.639,1.23,0.813,0.819,0.9994036262471989,0.8533333333333334,8.718134934884032,2.1651981850957247,mushroom
F638,53,Lomas 2021 ImageJ,0.0,0.0,,,,,,0.004,30.7,8.6,9.4,0.469,1.355,0.738,0.682,0.9999336183691262,0.9033333333333333,8.344610493689649,0.7901364625870454,mushroom
F625,53,Lomas 2021 ImageJ,0.0,0.0,,,,,,0.003,27.4,6.4,9.6,0.469,1.984,0.504,0.73,0.06647538391264461,0.31333333333333335,2.6963996936002896,1.185237103554966,mushroom
F614,53,Lomas 2021 ImageJ,1.0,0.0,,,,,,0.004,36.1,9.6,10.0,0.413,1.127,0.887,0.65,0.9999999977738039,0.99,13.126320410044286,2.0388346005706826,mushroom
F637,53,Lomas 2021 ImageJ,1.0,0.0,,,,,,0.003,31.7,8.200000000000001,10.2,0.401,1.672,0.598,0.619,0.9906683525806277,0.8866666666666667,5.748063732061006,0.9079237272035923,mushroom
F632,53,Lomas 2021 ImageJ,0.0,0.0,,,,,,0.006,37.3,12.5,10.2,0.535,2.064,0.485,0.818,0.002428304112905504,0.006666666666666667,1.4808596112277552,1.5576355274618667,axe
F634,53,Lomas 2021 ImageJ,0.0,0.0,,,,,,0.004,33.800000000000004,9.2,10.5,0.409,1.527,0.655,0.663,0.999373503931634,0.8166666666666667,6.9886131092497425,0.7290548093994803,mushroom
F607,53,Lomas 2021 ImageJ,1.0,0.0,,,,,,0.005,39.2,10.5,10.7,0.444,1.282,0.78,0.697,0.9999973613237547,0.96,9.779790822718978,0.9946864179471118,mushroom
F604,53,Lomas 2021 ImageJ,0.0,0.0,,,,,,0.005,29.2,6.1,10.7,0.68,2.091,0.478,0.923,7.90465928397922e-06,0.0033333333333333335,2.221422852242062,2.698975512306862,axe
F626,53,Lomas 2021 ImageJ,1.0,0.0,,,,,,0.003,35.199999999999996,8.799999999999999,10.9,0.347,1.713,0.584,0.57,0.9973855963202404,0.9866666666666667,6.2575977264760505,1.1550912676194707,mushroom
F618,53,Lomas 2021 ImageJ,0.0,1.0,,,,,,0.004,38.9,8.6,12.7,0.345,2.346,0.426,0.621,0.14693496711924292,0.9066666666666666,3.330717653250283,1.2302130028119684,mushroom
F609,53,Lomas 2021 ImageJ,1.0,1.0,,,,,,0.004,48.7,11.7,13.3,0.223,1.963,0.509,0.467,0.9988115442206057,0.53,6.822890001679918,2.065922276404392,mushroom
F619,53,Lomas 2021 ImageJ,1.0,0.0,,,,,,0.005,42.7,11.3,13.5,0.348,1.749,0.572,0.554,0.994969431434953,0.8666666666666667,5.983103526763576,1.169332078051022,mushroom
F602,53,Lomas 2021 ImageJ,0.0,0.0,,,,,,0.005,39.900000000000006,9.0,13.5,0.355,2.338,0.428,0.586,0.11592483066809346,0.7933333333333333,3.1875770881737577,1.184681614792351,mushroom
F615,53,Lomas 2021 ImageJ,0.0,0.0,,,,,,0.005,40.6,9.8,13.5,0.409,2.346,0.426,0.649,0.015754946623447605,0.04666666666666667,2.2255313304050195,1.0963650680490171,mushroom
F606,53,Lomas 2021 ImageJ,0.0,0.0,,,,,,0.007,40.5,9.4,13.900000000000002,0.529,2.165,0.462,0.775,0.0010005950182074032,0.0,1.099780383968289,1.53920663537008,axe
F600,53,Lomas 2021 ImageJ,0.0,1.0,dagger,,,,,0.004,37.9,5.7,14.499999999999998,0.36,3.481,0.287,0.691,0.000424887637221411,0.23,1.7739602931154295,3.411664910200658,axe
F631,53,Lomas 2021 ImageJ,0.0,0.0,,,,,,0.007,43.8,9.8,15.4,0.442,2.429,0.412,0.696,0.002512426480751458,0.0,1.447499710450547,1.1716020118486778,mushroom
F596,53,Lomas 2021 ImageJ,1.0,1.0,,,,,,0.01,59.4,15.0,16.0,0.348,1.4,0.714,0.653,0.9999972590164293,0.9833333333333333,9.312597355919253,1.056867790301406,mushroom
F613,53,Lomas 2021 ImageJ,0.0,0.0,,,,,,0.009,54.0,13.900000000000002,17.2,0.379,1.907,0.525,0.622,0.8519301075478434,0.63,4.516154008726174,1.0972531678591513,mushroom
F601,53,Lomas 2021 ImageJ,1.0,1.0,,,,,,0.012,64.3,16.0,18.0,0.357,1.366,0.732,0.666,0.9999985602238461,0.98,9.645384840959604,1.0423226524200628,mushroom
F610,53,Lomas 2021 ImageJ,0.0,0.0,,,,,,0.01,55.7,11.7,19.9,0.391,2.581,0.387,0.658,0.005506826616214404,0.03333333333333333,1.967989465792637,1.2420190794794823,mushroom
F611,53,Lomas 2021 ImageJ,0.0,1.0,,,,,,0.009,79.4,10.0,30.1,0.183,5.372,0.186,0.5,0.07050451002493416,0.29333333333333333,6.411018104284874,10.974071769507164,axe
s4_001,4,"Extracted (this study, from Stone4.tiff)",,,,6280.0,405.76450198781714,105.0,128.0,,,,,0.4793154266894882,1.4856636299060495,0.4786743275215031,0.740304137687139,0.003274353777731222,0.72,2.8971379822623073,3.910059817544481,axe
s4_002,4,"Extracted (this study, from Stone4.tiff)",,,,19787.0,747.2447327281724,166.0,259.0,,,,,0.4453116868237563,1.8567105558110413,0.3809422810452361,0.719135017263311,8.995452658411285e-05,0.5,3.400070236274347,3.824547956739126,axe
s4_003,4,"Extracted (this study, from Stone4.tiff)",,,,6704.0,435.56349186104046,126.0,120.0,,,,,0.4440592570404076,1.3394669433125677,0.520794580312284,0.7053872053872053,0.09263540745026312,0.73,3.626479652496646,3.852436415844105,axe
s4_004,4,"Extracted (this study, from Stone4.tiff)",,,,13127.0,613.1025971044414,148.0,202.0,,,,,0.4388428609145003,1.8656616146574911,0.378352239991629,0.7047296934557363,0.00010033446673889377,0.4633333333333333,3.450306070205055,3.8226306625827853,axe
s4_005,4,"Extracted (this study, from Stone4.tiff)",,,,8824.0,502.43354954612926,140.0,151.0,,,,,0.4392564029317069,1.2621451642645438,0.535383437792525,0.6877094536669005,0.19294357799140233,0.77,3.903829979270816,3.978008098100929,axe
s4_006,4,"Extracted (this study, from Stone4.tiff)",,,,26221.0,925.5117600329312,188.0,302.0,,,,,0.3846761240977007,2.423347175427284,0.2981747973239075,0.7013775578440551,2.5615871776657856e-05,0.2,3.5911953613452035,2.7696450856663124,mushroom
s4_007,4,"Extracted (this study, from Stone4.tiff)",,,,15653.0,672.2741699796952,126.0,256.0,,,,,0.4352257665962289,2.752331383110805,0.2716035087079348,0.7775570016392628,1.8139357020035377e-06,0.10333333333333333,3.2243078667190255,2.1613155447673207,mushroom
s4_008,4,"Extracted (this study, from Stone4.tiff)",,,,10799.0,542.333044482741,155.0,138.0,,,,,0.4613826630164132,1.0093616259893865,0.7168959097498436,0.7373344257817834,0.9996011047635314,0.93,7.228729763701339,2.2739211047192978,mushroom
s4_009,4,"Extracted (this study, from Stone4.tiff)",,,,8108.0,447.60512242138304,122.0,141.0,,,,,0.5085498236951422,1.4857451355641718,0.5060407630547797,0.7531116477800484,0.005530481092259301,0.6633333333333333,2.5424667837687527,3.4925409867963646,axe
s4_010,4,"Extracted (this study, from Stone4.tiff)",,,,8070.0,486.1492782986673,138.0,131.0,,,,,0.4290857660265195,1.0365194864515714,0.6456133125991028,0.6800370776101795,0.9925594672865841,0.9,5.91901792326322,3.2387665388194247,mushroom
s4_011,4,"Extracted (this study, from Stone4.tiff)",,,,7562.0,444.87720036002526,117.0,140.0,,,,,0.4801381767614552,1.5171426217138753,0.4958236670912642,0.7405013709361535,0.00934874449539282,0.71,2.7669263866966833,3.4630669821681286,axe
s4_012,4,"Extracted (this study, from Stone4.tiff)",,,,6144.0,410.63455967290594,109.0,131.0,,,,,0.4578783151054993,1.459275681974782,0.4837468683519272,0.7025728987993138,0.009125728931721838,0.72,3.1581423036195484,3.922600561718783,axe
s4_013,4,"Extracted (this study, from Stone4.tiff)",,,,32552.0,967.6955262170048,211.0,317.0,,,,,0.4368276038666728,1.9509877623280785,0.3633180845971459,0.7251826768846907,5.48099124690577e-05,0.34,3.4964041195271927,3.692235217610031,axe
s4_014,4,"Extracted (this study, from Stone4.tiff)",,,,7878.0,459.7056274847714,104.0,156.0,,,,,0.4684531893674786,1.951865247986112,0.3584687914382088,0.743979601473227,1.276155573635197e-05,0.3566666666666667,3.5763841299628574,3.811954273482472,axe
s4_015,4,"Extracted (this study, from Stone4.tiff)",,,,13391.0,602.5168106668145,139.0,207.0,,,,,0.4635371400959203,2.015836549760608,0.3637619258989387,0.7500280049288675,2.440796531336923e-05,0.35,3.192387713727538,3.4242585994543884,axe
s4_016,4,"Extracted (this study, from Stone4.tiff)",,,,7328.0,493.5634918610405,108.0,173.0,,,,,0.3780152045933574,2.366858542361228,0.2659426067323997,0.640167729536123,4.2898103779877216e-06,0.25,4.679905079308909,3.5398129506192633,mushroom
s4_017,4,"Extracted (this study, from Stone4.tiff)",,,,10969.0,603.6467529817256,160.0,169.0,,,,,0.3782780683701794,1.4758368872497698,0.4253730074550758,0.6472913961996931,0.00588216143617441,0.7033333333333334,4.399232149014169,4.843680394049087,axe
s4_018,4,"Extracted (this study, from Stone4.tiff)",,,,10235.0,536.2914139223983,122.0,182.0,,,,,0.4471940568257338,2.086216055943173,0.339760176856643,0.7197102876028408,1.291017488591618e-05,0.32666666666666666,3.5902279787239832,3.5069038451520114,mushroom
s4_019,4,"Extracted (this study, from Stone4.tiff)",,,,12712.0,563.0609665440987,151.0,160.0,,,,,0.503863507123029,1.376501485371842,0.5638494805394193,0.7851275399913532,0.13269439560665225,0.6766666666666666,3.300415549281795,3.0211084167873863,mushroom
s4_020,4,"Extracted (this study, from Stone4.tiff)",,,,16708.0,912.7838379715732,155.0,254.0,,,,,0.2519987851755657,2.5870111319899087,0.2258786625949766,0.5537033968516984,7.414958976452645e-05,0.56,5.402531586865708,3.545180815749734,mushroom
s4_021,4,"Extracted (this study, from Stone4.tiff)",,,,7971.0,517.4629867976521,132.0,150.0,,,,,0.3740796570155741,1.3953169265166223,0.4332035346564249,0.6358994814519345,0.008949424054792534,0.7,4.592884753583705,5.099466900159818,axe
s4_022,4,"Extracted (this study, from Stone4.tiff)",,,,9000.0,505.0548698896889,135.0,139.0,,,,,0.4433791304724231,1.2253109655398868,0.5988609318054724,0.708159571956881,0.8874580477783124,0.8833333333333333,4.7906987474162195,3.0819827419650454,mushroom
s4_023,4,"Extracted (this study, from Stone4.tiff)",,,,5756.0,391.37972567696687,103.0,117.0,,,,,0.4722087173930587,1.3989187733246269,0.4866399046881598,0.7233882116375518,0.005515311146588232,0.69,3.1501744881845504,4.180448219723654,axe
s4_024,4,"Extracted (this study, from Stone4.tiff)",,,,8370.0,481.29751057680824,124.0,137.0,,,,,0.4540546119399471,1.193868058125089,0.6271405329884358,0.7560292656489929,0.9629651002475511,0.88,5.234411795759089,2.7739678297244574,mushroom
s4_025,4,"Extracted (this study, from Stone4.tiff)",,,,6783.0,394.0071426749364,91.0,133.0,,,,,0.5490646594756718,1.9233409025040515,0.4460167971108241,0.8406246127153303,0.0001035791277821003,0.12666666666666668,1.5663435997687103,2.6862076090037865,axe
s4_026,4,"Extracted (this study, from Stone4.tiff)",,,,4200.0,323.9655121145938,94.0,89.0,,,,,0.5028767942013308,1.4142307028746668,0.4984748692888098,0.7610074288820439,0.0036866392964066855,0.6533333333333333,2.7698592439897087,3.9503296625899496,axe
s4_027,4,"Extracted (this study, from Stone4.tiff)",,,,17084.0,659.4041122946064,151.0,218.0,,,,,0.4937375120469467,1.866617376626281,0.3884352260757591,0.764418989663967,2.3730922852246344e-05,0.37666666666666665,3.0952263695173103,3.7226697246335934,axe
s4_028,4,"Extracted (this study, from Stone4.tiff)",,,,14837.0,622.5168106668144,171.0,190.0,,,,,0.4811204236451268,1.3541124433528735,0.5471512736401745,0.7586154003476838,0.11201341494491465,0.74,3.358930582892786,3.3676811151874246,axe
s4_029,4,"Extracted (this study, from Stone4.tiff)",,,,12634.0,622.9604614807105,169.0,166.0,,,,,0.4091002734276714,1.2519930016168974,0.5275215412822455,0.6725220909187692,0.31025044964952686,0.7533333333333333,4.28105020449488,4.158327279334631,mushroom
s4_030,4,"Extracted (this study, from Stone4.tiff)",,,,29430.0,973.4356415871824,263.0,278.0,,,,,0.390288395933755,1.391579148992733,0.4959036939776879,0.659998654436994,0.1644117097076577,0.72,4.164698949455697,4.024148467508636,mushroom
s4_031,4,"Extracted (this study, from Stone4.tiff)",,,,17724.0,694.4163056034262,183.0,216.0,,,,,0.4618827952612954,1.3864871476441427,0.4828858787732519,0.7110362257792755,0.006290464597701893,0.6933333333333334,3.3058205165132923,4.2944601694928854,axe
s4_032,4,"Extracted (this study, from Stone4.tiff)",,,,9604.0,473.94826817189073,142.0,133.0,,,,,0.5372793314527785,1.106752507401459,0.6683451779129334,0.7825307585757354,0.9156648152004038,0.92,5.099334012997417,2.7079328244504346,mushroom
s4_033,4,"Extracted (this study, from Stone4.tiff)",,,,97319.0,2030.655987697715,424.0,639.0,,,,,0.2965751710941957,2.3044552235159506,0.2517215783936903,0.5755898200228299,3.2838008908770815e-05,0.7,5.49724623393229,4.131006346152107,mushroom
s4_034,4,"Extracted (this study, from Stone4.tiff)",,,,8435.0,470.91883092036784,126.0,146.0,,,,,0.4779724188163813,1.4367176210253114,0.5080669526461025,0.7362953910614525,0.01702759130427754,0.6766666666666666,2.974980230329418,3.634578789086844,axe
s4_035,4,"Extracted (this study, from Stone4.tiff)",,,,14642.0,688.5584412271571,167.0,188.0,,,,,0.3880866048575857,1.1453202288465172,0.6104029054211125,0.6984020987359886,0.9900913309096159,0.85,5.833553331247137,3.298184518689915,mushroom
s4_036,4,"Extracted (this study, from Stone4.tiff)",,,,8535.0,467.8061325481598,137.0,130.0,,,,,0.4900964626968193,1.2626092962825235,0.5849990146375578,0.7426905673512009,0.40237891562428496,0.86,3.8727343658663322,3.1863379900697226,mushroom
s4_037,4,"Extracted (this study, from Stone4.tiff)",,,,11606.0,585.5046173579948,161.0,155.0,,,,,0.4254335949789313,1.1791524648241134,0.5844125473219044,0.6826255734619456,0.8543447540248734,0.8866666666666667,4.790304722668553,3.5482700310401754,mushroom
s4_038,4,"Extracted (this study, from Stone4.tiff)",,,,7070.0,448.9777054234135,117.0,136.0,,,,,0.4407372176578522,1.624266493935733,0.4291166052663452,0.705518411336194,0.001037236848384199,0.5666666666666667,3.33273781452952,4.069287983832483,axe
s4_039,4,"Extracted (this study, from Stone4.tiff)",,,,10445.0,509.6639969244288,123.0,164.0,,,,,0.5053012781956139,1.6371349018911807,0.4508462862600726,0.7760606285756743,0.0003503018948981194,0.5266666666666666,2.5548235721558097,3.72267795469249,axe
s4_040,4,"Extracted (this study, from Stone4.tiff)",,,,8990.0,531.4041122946064,130.0,161.0,,,,,0.4000550287880271,1.4017672698244696,0.488380755179193,0.686050061050061,0.0826593950161485,0.69,3.9930649969016194,4.100963495870877,axe
s4_041,4,"Extracted (this study, from Stone4.tiff)",,,,10686.0,609.1198410471445,148.0,190.0,,,,,0.3619257987948914,1.7132319362066863,0.3385335968455205,0.6021978021978022,0.00011575623957373632,0.69,5.234396694883663,5.23259005538339,mushroom
s4_042,4,"Extracted (this study, from Stone4.tiff)",,,,75932.0,1943.5849198858496,462.0,467.0,,,,,0.2525966936533067,1.2932116215864653,0.3904040767334784,0.5607934948781766,0.04908319306384259,0.81,6.636130247150212,6.479177060254399,mushroom
s4_043,4,"Extracted (this study, from Stone4.tiff)",,,,19428.0,764.5584412271571,231.0,189.0,,,,,0.4176539409104681,1.1577750735872705,0.5715083291926333,0.68252239592482,0.7766866319774901,0.7833333333333333,4.716300491656957,3.872077971969088,mushroom
s4_044,4,"Extracted (this study, from Stone4.tiff)",,,,16743.0,866.4579361637689,220.0,253.0,,,,,0.280251646911705,1.404280495595352,0.3618827228145757,0.507794492296494,0.004486631739644764,0.8533333333333334,6.408557189101327,6.3861355110252935,mushroom
s4_045,4,"Extracted (this study, from Stone4.tiff)",,,,6761.0,396.45079348883235,107.0,118.0,,,,,0.5405578979796879,1.3422064073537223,0.566020391922098,0.7670751077830724,0.03937579188258645,0.6033333333333334,2.9174932297335125,3.2471665546647,axe
s4_046,4,"Extracted (this study, from Stone4.tiff)",,,,18853.0,836.9015869776647,209.0,262.0,,,,,0.3382529156323888,1.7961461312802296,0.318609032160808,0.5845710210536107,0.00010532147134083799,0.7,5.503930744816174,5.207245699952071,mushroom
s4_047,4,"Extracted (this study, from Stone4.tiff)",,,,18187.0,716.6417023478424,200.0,223.0,,,,,0.4450069331918014,1.3065135279652915,0.5134711456561111,0.6963396891033004,0.055841259824201336,0.7,3.636997332454011,4.140932720378674,axe
s4_048,4,"Extracted (this study, from Stone4.tiff)",,,,6893.0,459.5990257669732,126.0,129.0,,,,,0.4100718369298922,1.2683605243475449,0.5308808764182988,0.664577709217123,0.3548651380613952,0.7533333333333333,4.271106239247835,4.020036602106042,mushroom
s4_049,4,"Extracted (this study, from Stone4.tiff)",,,,24116.0,791.653895656662,171.0,286.0,,,,,0.4835533905005379,2.2207854270808056,0.3432026398873489,0.7781362932369644,5.671985537375295e-06,0.18333333333333332,3.028676396313149,2.9408002762339973,mushroom
s4_050,4,"Extracted (this study, from Stone4.tiff)",,,,24349.0,912.4995667241114,217.0,286.0,,,,,0.3674731903597503,1.874649676008096,0.3217849318963982,0.6262763959978395,5.186718892931303e-05,0.5533333333333333,5.018065866566897,4.765138103920912,mushroom
s4_051,4,"Extracted (this study, from Stone4.tiff)",,,,67334.0,1954.4621202458748,364.0,577.0,,,,,0.2215081771805442,2.9586954273935677,0.2265473753001255,0.5375882221441574,0.000586008766715739,0.38666666666666666,4.563178274771868,2.699032984649987,mushroom
s4_052,4,"Extracted (this study, from Stone4.tiff)",,,,43423.0,1090.38181771802,236.0,382.0,,,,,0.45895751636654,2.5178051402762067,0.3217792491587798,0.7705398019661426,8.194567735666323e-06,0.24,2.533794584912745,2.1450695116923093,mushroom
s4_053,4,"Extracted (this study, from Stone4.tiff)",,,,30856.0,993.5117600329312,222.0,342.0,,,,,0.3928289314017257,2.1601498670627906,0.319735182240983,0.67779632721202,3.5706353530914856e-05,0.23,3.9497824598371274,3.496648584961,mushroom
s4_054,4,"Extracted (this study, from Stone4.tiff)",,,,9706.0,660.6528496361356,190.0,179.0,,,,,0.2794496215506435,1.257064499732399,0.4341202718749458,0.5132734003172924,0.18638160222182457,0.87,6.043215618937359,5.864966658128159,mushroom
s4_055,4,"Extracted (this study, from Stone4.tiff)",,,,32903.0,1097.7544007200504,277.0,338.0,,,,,0.3431112735993135,1.9107741635980455,0.3400490048408072,0.6036361634989359,0.00040966555915177645,0.6966666666666667,4.6338903833452925,4.29755719070304,mushroom
s4_056,4,"Extracted (this study, from Stone4.tiff)",,,,70614.0,2129.8996744053607,461.0,401.0,,,,,0.1956060949331308,1.4531500805240962,0.380997051470801,0.5434145215283389,0.2657246893123609,0.83,6.970704279024173,6.0249787070984695,mushroom
RiCruin1,"RiCruin (Kilmartin cairn, comparison site)",Extracted (this study),,,,,,,,,,,,0.4588214528444829,1.750337215329662,0.4307463558658825,0.7564059486030739,0.0007909734498096287,0.4633333333333333,2.761977797348823,3.460908651933355,axe
RiCruin2,"RiCruin (Kilmartin cairn, comparison site)",Extracted (this study),,,,,,,,,,,,0.48460542811036,1.652303004602328,0.469366665116452,0.7792805683783548,0.0023268725415592282,0.6133333333333333,2.4554817323910476,3.288322657494745,axe
RiCruin3,"RiCruin (Kilmartin cairn, comparison site)",Extracted (this study),,,,,,,,,,,,0.4175407331587072,2.045010927056982,0.3521909121832641,0.714011466182597,7.30676938853709e-05,0.31333333333333335,3.4857681518142565,3.447713258244354,mushroom
RiCruin4,"RiCruin (Kilmartin cairn, comparison site)",Extracted (this study),,,,,,,,,,,,0.5467441827722915,1.765382832806481,0.4637846456866046,0.8273142235466628,0.00021956558085212688,0.28,1.8020430480882623,3.0478512899987,axe
RiCruin5,"RiCruin (Kilmartin cairn, comparison site)",Extracted (this study),,,,,,,,,,,,0.4995589427304547,1.5127376524543736,0.5214754083378915,0.7929483903934593,0.02015029110272379,0.7033333333333334,2.6830388433091237,3.0808363002439068,axe
RiCruin6,"RiCruin (Kilmartin cairn, comparison site)",Extracted (this study),,,,,,,,,,,,0.4203114964270342,1.5805108468151396,0.4307510799948355,0.7099041083012128,0.0021910499470101865,0.6133333333333333,3.620366227483606,4.240178556472545,axe
F595-aligned.tif,unknown (Bevan All data — stone not tagged),Bevan All data (ImageJ),,,,77540.0,1604.37886,475.0,400.0,,,,,0.37854874,1.13356032,0.88217626,0.65190616,0.9999999991897519,0.99,13.413046965749114,2.073870994362084,mushroom
F596-aligned.tif,unknown (Bevan All data — stone not tagged),Bevan All data (ImageJ),,,,59475.0,1506.76364,369.0,400.0,,,,,0.32919562,1.38009065,0.72459009,0.66314698,0.9999992330567407,0.9866666666666667,9.84803037512028,1.2194076983762003,mushroom
F597-aligned.tif,unknown (Bevan All data — stone not tagged),Bevan All data (ImageJ),,,,70370.0,1705.24177,468.0,400.0,,,,,0.30410635,1.10469096,0.90523054,0.56559795,0.9999999999859042,1.0,15.010007676243502,2.618249251629838,mushroom
F600.tif,unknown (Bevan All data — stone not tagged),Bevan All data (ImageJ),,,,29037.0,1063.33514,157.0,400.0,,,,,0.32271658,3.58256046,0.27912997,0.68156372,0.0013616958671880265,0.45,2.27878806671839,3.7928769501339517,axe
F601.tif,unknown (Bevan All data — stone not tagged),Bevan All data (ImageJ),,,,56098.0,1455.04076,354.0,400.0,,,,,0.33297139,1.36012566,0.73522618,0.65692755,0.9999995050675956,0.9466666666666667,10.064457938986557,1.222236955771748,mushroom
F602.tif,unknown (Bevan All data — stone not tagged),Bevan All data (ImageJ),,,,36610.0,1188.9676,266.0,400.0,,,,,0.32543896,2.34250767,0.42689295,0.57441868,0.2712041899833274,0.9,3.6851490634607713,1.3191368478617589,mushroom
F603.tif,unknown (Bevan All data — stone not tagged),Bevan All data (ImageJ),,,,63864.0,1257.69553,303.0,400.0,,,,,0.50735851,1.85871628,0.53800572,0.75487131,0.08581460513955914,0.63,2.913884153260639,1.3201741604763497,mushroom
F604.tif,unknown (Bevan All data — stone not tagged),Bevan All data (ImageJ),,,,62869.0,1099.45289,225.0,400.0,,,,,0.6535716,2.1269669,0.47015306,0.94266265,1.4486618608984817e-05,0.0033333333333333335,1.8673794914316302,2.4835935999744105,axe
F605.tif,unknown (Bevan All data — stone not tagged),Bevan All data (ImageJ),,,,59563.0,1278.06306,326.0,400.0,,,,,0.45822825,1.57167386,0.63626432,0.71038994,0.989561124152681,0.89,5.86115610736079,0.8045737314962629,mushroom
F606.tif,unknown (Bevan All data — stone not tagged),Bevan All data (ImageJ),,,,55385.0,1178.46508,270.0,400.0,,,,,0.50115099,2.21916654,0.45061963,0.77467497,0.0016393501232901493,0.0,1.1969948577755356,1.3763545225765828,axe
F607.tif,unknown (Bevan All data — stone not tagged),Bevan All data (ImageJ),,,,75405.0,1505.60216,401.0,400.0,,,,,0.41801277,1.30332127,0.76727053,0.6916938,0.9999979787585545,0.8366666666666667,9.760167356010713,0.9340632862943639,mushroom
F608.tif,unknown (Bevan All data — stone not tagged),Bevan All data (ImageJ),,,,73585.0,1304.02857,368.0,400.0,,,,,0.54378215,1.4008383,0.71385827,0.77283803,0.9960608275376628,0.9666666666666667,6.858898883558319,1.18594132778168,mushroom
F609-aligned.tif,unknown (Bevan All data — stone not tagged),Bevan All data (ImageJ),,,,35168.0,1530.2956,356.0,400.0,,,,,0.1887152,2.03766079,0.49075882,0.44016396,0.9991858886173267,0.54,7.098073234270129,2.326232483270385,mushroom
F610.tif,unknown (Bevan All data — stone not tagged),Bevan All data (ImageJ),,,,38362.0,1136.82547,236.0,400.0,,,,,0.37301261,2.5989189,0.38477538,0.65868819,0.009792699308524676,0.21,2.248421942558323,1.2825561840751334,mushroom
F611.tif,unknown (Bevan All data — stone not tagged),Bevan All data (ImageJ),,,,15341.0,1067.7544,132.0,400.0,,,,,0.16909112,5.5075099,0.18157026,0.4856668,0.11955697896323662,0.23333333333333334,6.846421071061738,11.574802835464556,axe
F612.tif,unknown (Bevan All data — stone not tagged),Bevan All data (ImageJ),,,,78476.0,1353.37677,366.0,400.0,,,,,0.53840525,1.34123052,0.74558399,0.7737114,0.9994228710649613,0.9033333333333333,7.768240480229115,1.1900638504423768,mushroom
F613.tif,unknown (Bevan All data — stone not tagged),Bevan All data (ImageJ),,,,45299.0,1270.06306,327.0,400.0,,,,,0.35289695,1.91882648,0.52115187,0.60871844,0.9255850683468285,0.6933333333333334,4.86201478353004,1.2056482736088978,mushroom
F614-aligned.tif,unknown (Bevan All data — stone not tagged),Bevan All data (ImageJ),,,,62890.0,1458.15346,378.0,399.0,,,,,0.37169352,1.1249676,0.88891449,0.63704784,0.9999999995687046,0.99,13.687766898547036,2.1665775968295167,mushroom
F615.tif,unknown (Bevan All data — stone not tagged),Bevan All data (ImageJ),,,,44199.0,1216.26407,285.0,400.0,,,,,0.37546249,2.44031034,0.40978395,0.64404211,0.02615709050667331,0.20333333333333334,2.556302569855073,1.157407691595088,mushroom
F616.tif,unknown (Bevan All data — stone not tagged),Bevan All data (ImageJ),,,,80804.0,1342.43059,343.0,400.0,,,,,0.56345475,1.32139038,0.75677863,0.82129989,0.9992065336311104,0.81,7.8213023296446655,1.3992718701575522,mushroom
F617.tif,unknown (Bevan All data — stone not tagged),Bevan All data (ImageJ),,,,58955.0,1239.35952,307.0,400.0,,,,,0.48232069,1.56954169,0.63712867,0.74202034,0.9759457468916078,0.8933333333333333,5.574080895272286,0.9013217816035808,mushroom
F618.tif,unknown (Bevan All data — stone not tagged),Bevan All data (ImageJ),,,,38998.0,1272.69048,278.0,400.0,,,,,0.30255659,2.36783475,0.42232677,0.59938368,0.41414553172303437,0.9066666666666666,4.015713185819467,1.4495903452407555,mushroom
F619.tif,unknown (Bevan All data — stone not tagged),Bevan All data (ImageJ),,,,42849.0,1286.79098,336.0,400.0,,,,,0.32518802,1.78937209,0.55885526,0.55017848,0.9957533370780763,0.82,6.070671480086274,1.3203200949701461,mushroom
F620.tif,unknown (Bevan All data — stone not tagged),Bevan All data (ImageJ),,,,81365.0,1302.33009,361.0,400.0,,,,,0.60284456,1.23405851,0.81033435,0.83314134,0.9998194038206819,0.9266666666666666,8.94135995646876,1.8916257804718801,mushroom
F621.tif,unknown (Bevan All data — stone not tagged),Bevan All data (ImageJ),,,,67861.0,1374.47222,391.0,400.0,,,,,0.4513965,1.55905846,0.64141277,0.70706218,0.9938067503403523,0.9133333333333333,6.078017756472482,0.7688380818328431,mushroom
F622.tif,unknown (Bevan All data — stone not tagged),Bevan All data (ImageJ),,,,96884.0,1554.91587,479.0,400.0,,,,,0.50355641,1.23457289,0.80999673,0.75409606,0.9999953855094359,0.9933333333333333,9.915623799007195,1.340657438884721,mushroom
F623 - 540wide.tif,unknown (Bevan All data — stone not tagged),Bevan All data (ImageJ),,,,114138.0,1600.57987,540.0,400.0,,,,,0.55986771,1.21657938,0.82197678,0.79737603,0.9999807487012536,0.98,9.666641121663503,1.6887261841087478,mushroom
F624.tif,unknown (Bevan All data — stone not tagged),Bevan All data (ImageJ),,,,76252.0,1431.70267,413.0,400.0,,,,,0.46747182,1.33282016,0.75028877,0.71542366,0.9999679086426049,0.9066666666666666,8.692387629544859,0.8388719206100571,mushroom
F625.tif,unknown (Bevan All data — stone not tagged),Bevan All data (ImageJ),,,,45846.0,1162.03867,256.0,400.0,,,,,0.42664843,2.00475559,0.49881392,0.72593977,0.2099475691691056,0.33,3.2346570506969163,1.081739000974856,mushroom
F626.tif,unknown (Bevan All data — stone not tagged),Bevan All data (ImageJ),,,,44429.0,1331.15137,325.0,400.0,,,,,0.31508049,1.74478183,0.57313756,0.55725717,0.998594651381635,0.95,6.53085542027602,1.3683935056423528,mushroom
F627-aligned.tif,unknown (Bevan All data — stone not tagged),Bevan All data (ImageJ),,,,61350.0,1345.0824,362.0,400.0,,,,,0.42611484,1.4230307,0.70272553,0.69547178,0.9999084902194296,0.9733333333333334,7.958155779443393,0.6557296467351563,mushroom
F628.tif,unknown (Bevan All data — stone not tagged),Bevan All data (ImageJ),,,,84399.0,1479.25902,436.0,400.0,,,,,0.48468403,1.33033422,0.75169081,0.73724439,0.9999436846077577,0.91,8.526924345749922,0.9038262146407829,mushroom
F629.tif,unknown (Bevan All data — stone not tagged),Bevan All data (ImageJ),,,,56978.0,1255.13413,312.0,400.0,,,,,0.45450304,1.67569187,0.59676843,0.72719615,0.9318305939682504,0.8966666666666666,4.958786562910413,0.9273174866740581,mushroom
F630.tif,unknown (Bevan All data — stone not tagged),Bevan All data (ImageJ),,,,116073.0,1367.62655,408.0,400.0,,,,,0.77984093,1.09619758,0.9122443,0.9666185,0.9995549842855531,0.5766666666666667,10.627851324242963,3.731307443417809,mushroom
F631.tif,unknown (Bevan All data — stone not tagged),Bevan All data (ImageJ),,,,44665.0,1156.3057,257.0,400.0,,,,,0.41978979,2.45390569,0.40751362,0.69766715,0.004662208200572168,0.0,1.7577037753005988,1.1440929114912857,mushroom
F632-aligned.tif,unknown (Bevan All data — stone not tagged),Bevan All data (ImageJ),,,,46006.0,1065.50166,229.0,400.0,,,,,0.50923246,2.08850747,0.47881083,0.83484099,0.004646864662685231,0.20333333333333334,1.6357462860581116,1.4059484761216272,mushroom
F634.tif,unknown (Bevan All data — stone not tagged),Bevan All data (ImageJ),,,,51998.0,1312.67323,353.0,400.0,,,,,0.37921302,1.51914985,0.65826291,0.66274105,0.9998255555261025,0.8266666666666667,7.4884431009492785,0.8421216921758913,mushroom
F636.tif,unknown (Bevan All data — stone not tagged),Bevan All data (ImageJ),,,,72582.0,1318.37172,374.0,400.0,,,,,0.5247628,1.5013142,0.66608309,0.75757766,0.9751069254889727,0.99,5.8088959011017245,1.0900887550711187,mushroom
F637.tif,unknown (Bevan All data — stone not tagged),Bevan All data (ImageJ),,,,45975.0,1273.82042,322.0,400.0,,,,,0.35605344,1.65008527,0.60602929,0.60394089,0.998834542313674,0.85,6.605503231739652,1.0663512505295505,mushroom
F638.tif,unknown (Bevan All data — stone not tagged),Bevan All data (ImageJ),,,,60435.0,1316.69048,355.0,400.0,,,,,0.43805738,1.37902653,0.72514921,0.69211741,0.9999576682128524,0.9766666666666667,8.387191458931332,0.6945380614766545,mushroom
F639.tif,unknown (Bevan All data — stone not tagged),Bevan All data (ImageJ),,,,54513.0,1169.10974,261.0,400.0,,,,,0.50118653,2.15102457,0.46489474,0.80235202,0.0032144237210870487,0.006666666666666667,1.4648635330874276,1.368069171535282,mushroom
F640.tif,unknown (Bevan All data — stone not tagged),Bevan All data (ImageJ),,,,40552.0,1212.64885,275.0,400.0,,,,,0.34653893,2.14978334,0.46516315,0.62184397,0.5042283599223341,0.78,3.940777485707066,1.2278359707124882,mushroom
F641.tif,unknown (Bevan All data — stone not tagged),Bevan All data (ImageJ),,,,56416.0,1217.29351,277.0,400.0,,,,,0.47843346,2.00533795,0.49866907,0.760052,0.0371553460371419,0.33,2.4513940466611492,1.2295068393658621,mushroom
F642.tif,unknown (Bevan All data — stone not tagged),Bevan All data (ImageJ),,,,56961.0,1360.44784,364.0,400.0,,,,,0.38674409,1.36194573,0.73424364,0.6418177,0.9999961566798942,0.9133333333333333,9.297124737139935,0.8733229593001186,mushroom
F643.tif,unknown (Bevan All data — stone not tagged),Bevan All data (ImageJ),,,,88281.0,1451.98694,437.0,400.0,,,,,0.52620102,1.0954941,0.91283011,0.77763488,0.9999999649202066,0.9933333333333333,12.604005742473223,2.3695661961494117,mushroom
F644.tif,unknown (Bevan All data — stone not tagged),Bevan All data (ImageJ),,,,53672.0,1386.22958,363.0,400.0,,,,,0.350984,1.57577845,0.63460698,0.60376509,0.9997851303159553,0.9766666666666667,7.33847360677063,1.0433160960731616,mushroom
F645.tif,unknown (Bevan All data — stone not tagged),Bevan All data (ImageJ),,,,91226.0,1466.25397,462.0,400.0,,,,,0.5332245,1.15028979,0.86934615,0.76670169,0.9999994836523699,0.9933333333333333,11.279069130615996,1.9535395920199885,mushroom
F646.tif,unknown (Bevan All data — stone not tagged),Bevan All data (ImageJ),,,,70227.0,1360.0702,392.0,400.0,,,,,0.47708013,1.17716372,0.84949951,0.72195408,0.9999998062832611,0.9833333333333333,11.319145506579892,1.6263273343421643,mushroom
F647.tif,unknown (Bevan All data — stone not tagged),Bevan All data (ImageJ),,,,49198.0,1378.91587,295.0,400.0,,,,,0.32514851,1.73978626,0.57478325,0.66736752,0.9981248069225721,0.97,6.404298507442568,1.3014529497986862,mushroom
F649.tif,unknown (Bevan All data — stone not tagged),Bevan All data (ImageJ),,,,76802.0,1485.56053,425.0,400.0,,,,,0.43732236,1.04060377,0.96098057,0.69365968,0.9999999999132569,0.9966666666666667,14.96775386070021,2.8603574162043035,mushroom
f650.tif,unknown (Bevan All data — stone not tagged),Bevan All data (ImageJ),,,,47941.0,1180.56558,269.0,400.0,,,,,0.43225171,1.96092263,0.50996403,0.72033236,0.2724174204856009,0.33666666666666667,3.370247552608277,1.0795930682352044,mushroom
F651.tif,unknown (Bevan All data — stone not tagged),Bevan All data (ImageJ),,,,49764.0,1158.34733,269.0,400.0,,,,,0.46606613,2.02027328,0.49498254,0.75460025,0.0484881588723495,0.30666666666666664,2.5550818603956404,1.1815652523579048,mushroom
F652.tif,unknown (Bevan All data — stone not tagged),Bevan All data (ImageJ),,,,49886.0,1189.21739,267.0,399.0,,,,,0.44326766,1.96436256,0.50907099,0.74189303,0.1922232881713504,0.3333333333333333,3.1832512083659448,1.1001391223259385,mushroom
F653.tif,unknown (Bevan All data — stone not tagged),Bevan All data (ImageJ),,,,56231.0,1245.84481,328.0,400.0,,,,,0.4552582,1.47229906,0.67920983,0.70660601,0.999043406737415,0.99,6.977409402024744,0.6851759810564171,mushroom
F654.tif,unknown (Bevan All data — stone not tagged),Bevan All data (ImageJ),,,,63998.0,1266.91587,342.0,399.0,,,,,0.50104959,1.49362503,0.66951208,0.75248386,0.9912649391358426,0.9966666666666667,6.166824754673734,0.9216499937650069,mushroom
F655.tif,unknown (Bevan All data — stone not tagged),Bevan All data (ImageJ),,,,73691.0,1451.94531,413.0,400.0,,,,,0.43926217,1.35614224,0.73738578,0.7068342,0.9999772419477247,0.9166666666666666,8.694721185400706,0.740183810513596,mushroom
F656.tif,unknown (Bevan All data — stone not tagged),Bevan All data (ImageJ),,,,67346.0,1375.30065,358.0,400.0,,,,,0.44743131,1.1929792,0.83823758,0.75441643,0.9999998796066837,0.99,11.3449996108347,1.499298178081874,mushroom
F657.tif,unknown (Bevan All data — stone not tagged),Bevan All data (ImageJ),,,,57074.0,1157.56053,276.0,400.0,,,,,0.53525502,1.94910757,0.51305532,0.84336673,0.009446190719738012,0.04,2.051522148496321,1.5345098697413169,mushroom
F658.tif,unknown (Bevan All data — stone not tagged),Bevan All data (ImageJ),,,,66216.0,1334.46508,351.0,400.0,,,,,0.46725976,1.40138695,0.71357878,0.72067522,0.9997656468577855,0.9633333333333334,7.718472400651384,0.7206662662538934,mushroom
F659.tif,unknown (Bevan All data — stone not tagged),Bevan All data (ImageJ),,,,65903.0,1387.31789,392.0,400.0,,,,,0.4302918,1.33598881,0.74850926,0.69720917,0.9999911047302259,0.92,9.10330375214402,0.7994412668767054,mushroom
F660.tif,unknown (Bevan All data — stone not tagged),Bevan All data (ImageJ),,,,108070.0,1538.45498,492.0,400.0,,,,,0.57378004,1.14377648,0.87429669,0.81401611,0.9999982339204074,0.98,11.02149664191436,2.163124720211215,mushroom
F661.tif,unknown (Bevan All data — stone not tagged),Bevan All data (ImageJ),,,,56078.0,1378.20519,351.0,400.0,,,,,0.3710006,1.41535578,0.70653613,0.63477941,0.9999903723350251,0.9733333333333334,8.80200718325803,0.8876969988135324,mushroom
F662.tif,unknown (Bevan All data — stone not tagged),Bevan All data (ImageJ),,,,78699.0,1401.40115,376.0,400.0,,,,,0.50356338,1.38440258,0.72233324,0.78826699,0.9994390367157282,0.9733333333333334,7.521577790407209,0.9134433225218892,mushroom
F663.tif,unknown (Bevan All data — stone not tagged),Bevan All data (ImageJ),,,,68984.0,1487.86919,402.0,400.0,,,,,0.39158742,1.25889427,0.79434788,0.67086786,0.999999828743181,0.9866666666666667,10.827365238368877,1.2136584934570394,mushroom
F664.tif,unknown (Bevan All data — stone not tagged),Bevan All data (ImageJ),,,,50998.0,1269.07525,269.0,400.0,,,,,0.39791312,1.62557442,0.61516716,0.72342206,0.9965929252714947,0.7333333333333333,6.190890393258304,0.8656388017971206,mushroom
F665.tif,unknown (Bevan All data — stone not tagged),Bevan All data (ImageJ),,,,61679.0,1231.39401,298.0,400.0,,,,,0.51115559,1.64175038,0.609106,0.78369312,0.7607293843368437,0.6633333333333333,4.533168214932879,1.154720440547878,mushroom
f666-aligned.tif,unknown (Bevan All data — stone not tagged),Bevan All data (ImageJ),,,,45007.0,1267.05087,307.0,400.0,,,,,0.35229123,1.71219139,0.58404686,0.59942597,0.9968225187705098,0.98,6.1753014952779,1.128932436691803,mushroom
F667-aligned.tif,unknown (Bevan All data — stone not tagged),Bevan All data (ImageJ),,,,53325.0,1325.92807,332.0,400.0,,,,,0.38115428,1.4067335,0.7108667,0.68038278,0.9999888953689131,0.9666666666666667,8.771425925423305,0.835062047497585,mushroom
f668-aligned.tif,unknown (Bevan All data — stone not tagged),Bevan All data (ImageJ),,,,46971.0,1343.54329,325.0,401.0,,,,,0.32699141,1.72613555,0.57932878,0.62085374,0.9984116897156556,0.97,6.471629433026485,1.2837543801338187,mushroom
F669-aligned.tif,unknown (Bevan All data — stone not tagged),Bevan All data (ImageJ),,,,88031.0,1521.88644,459.0,400.0,,,,,0.47761835,1.22965769,0.81323445,0.73308767,0.9999985267005506,0.9833333333333333,10.296665042205277,1.2955369567422488,mushroom
F670.tif,unknown (Bevan All data — stone not tagged),Bevan All data (ImageJ),,,,47050.0,1117.66104,255.0,400.0,,,,,0.47331391,2.23192059,0.44804462,0.76931881,0.004073029039907269,0.0033333333333333335,1.5452121270253154,1.2354909921640054,mushroom
F671.tif,unknown (Bevan All data — stone not tagged),Bevan All data (ImageJ),,,,76429.0,1338.10469,363.0,400.0,,,,,0.53639887,1.3446876,0.74366715,0.77224802,0.9994052735899615,0.9033333333333333,7.73716057367018,1.171375679696309,mushroom
F672.tif,unknown (Bevan All data — stone not tagged),Bevan All data (ImageJ),,,,57667.0,1282.9575,356.0,400.0,,,,,0.4402635,1.30861281,0.76416797,0.69493384,0.9999945279296777,0.8433333333333334,9.397526565915017,0.8854854633493119,mushroom
F673-aligned.tif,unknown (Bevan All data — stone not tagged),Bevan All data (ImageJ),,,,84291.0,1596.857,487.0,400.0,,,,,0.41539285,1.15743865,0.86397668,0.68660449,0.9999999912289727,0.99,12.449364123237643,1.791854707034277,mushroom
F674.tif,unknown (Bevan All data — stone not tagged),Bevan All data (ImageJ),,,,47358.0,1140.90873,247.0,400.0,,,,,0.45719494,2.52937416,0.39535472,0.76880494,0.0006844934715915142,0.06666666666666667,0.9610559585620478,1.2898275363000378,axe
F675.tif,unknown (Bevan All data — stone not tagged),Bevan All data (ImageJ),,,,45507.0,1290.36457,322.0,400.0,,,,,0.34344975,1.90725049,0.52431498,0.60759443,0.9539032505989873,0.8533333333333334,5.078882832288158,1.2482762338911777,mushroom
F676.tif,unknown (Bevan All data — stone not tagged),Bevan All data (ImageJ),,,,42093.0,1160.32294,259.0,400.0,,,,,0.39288187,2.18276338,0.45813486,0.67621993,0.11529119180165297,0.06666666666666667,3.032673242433156,1.090257643280864,mushroom
F677.tif,unknown (Bevan All data — stone not tagged),Bevan All data (ImageJ),,,,44067.0,1277.9798,319.0,400.0,,,,,0.33905907,1.80157229,0.55507071,0.5883641,0.9914140108511466,0.8133333333333334,5.7689454890631655,1.2441804047700342,mushroom
F678.tif,unknown (Bevan All data — stone not tagged),Bevan All data (ImageJ),,,,65213.0,1306.87424,358.0,400.0,,,,,0.4798179,1.35378637,0.73866898,0.76185191,0.9999043669663287,0.9066666666666666,8.233563234380908,0.8316715151256378,mushroom
F679.tif,unknown (Bevan All data — stone not tagged),Bevan All data (ImageJ),,,,41532.0,1366.79098,348.0,400.0,,,,,0.27937562,1.41221788,0.70810603,0.5082854,0.9999997052490323,0.9833333333333333,10.165734487980812,1.587029665400337,mushroom
F680.tif,unknown (Bevan All data — stone not tagged),Bevan All data (ImageJ),,,,48691.0,1470.87424,419.0,400.0,,,,,0.28281828,1.26254375,0.79205176,0.52248327,0.9999999965728488,0.9966666666666667,12.239901833528533,1.8512970917950242,mushroom
F681.tif,unknown (Bevan All data — stone not tagged),Bevan All data (ImageJ),,,,45557.0,1223.59502,288.0,400.0,,,,,0.38237508,1.92115185,0.52052106,0.63733466,0.8013756451994433,0.47,4.370639574772817,1.1014299514513146,mushroom
F682.tif,unknown (Bevan All data — stone not tagged),Bevan All data (ImageJ),,,,51424.0,1278.58997,268.0,400.0,,,,,0.39528755,1.61913672,0.61761307,0.72893765,0.9972801619786229,0.7433333333333333,6.286335324939234,0.8664595959529755,mushroom
F683.tif,unknown (Bevan All data — stone not tagged),Bevan All data (ImageJ),,,,46872.0,1271.53615,304.0,400.0,,,,,0.36430567,1.88054822,0.53175983,0.62136025,0.9327409552661581,0.6866666666666666,4.886859087049368,1.1501731478469739,mushroom
F684-adjusted.tif,unknown (Bevan All data — stone not tagged),Bevan All data (ImageJ),,,,46904.0,1296.12193,294.0,400.0,,,,,0.35085529,2.0310402,0.49235855,0.61922742,0.7634518146760894,0.5766666666666667,4.35012598655188,1.2197489397619372,mushroom
F685.tif,unknown (Bevan All data — stone not tagged),Bevan All data (ImageJ),,,,66547.0,1412.08745,386.0,400.0,,,,,0.41938719,1.39403255,0.71734337,0.67882244,0.9999676726617753,0.9666666666666667,8.424384851975818,0.6933452798409947,mushroom
F686.tif,unknown (Bevan All data — stone not tagged),Bevan All data (ImageJ),,,,65587.0,1414.18795,389.0,400.0,,,,,0.4121102,1.28339719,0.77918201,0.66948054,0.9999991552962092,0.9533333333333334,10.155357067093307,1.0319898262767324,mushroom
F687.tif,unknown (Bevan All data — stone not tagged),Bevan All data (ImageJ),,,,60489.0,1317.76154,341.0,400.0,,,,,0.43773635,1.63863404,0.61026439,0.70635838,0.9809774515153457,0.7533333333333333,5.508663715841488,0.8485474971503743,mushroom
F688.tif,unknown (Bevan All data — stone not tagged),Bevan All data (ImageJ),,,,77514.0,1502.04582,415.0,400.0,,,,,0.43174136,1.1823857,0.84574771,0.69159837,0.9999999556720014,0.9966666666666667,11.741652673882,1.583054591397009,mushroom
F689.tif,unknown (Bevan All data — stone not tagged),Bevan All data (ImageJ),,,,80931.0,1434.5311,419.0,400.0,,,,,0.49420239,1.26294907,0.79179756,0.75042421,0.9999911077690686,0.98,9.514296428798936,1.173830947838973,mushroom
F690.tif,unknown (Bevan All data — stone not tagged),Bevan All data (ImageJ),,,,62144.0,1278.33009,341.0,400.0,,,,,0.47788461,1.445887,0.69161698,0.73568444,0.9988628748834839,0.9766666666666667,7.014883257955441,0.7584814408512499,mushroom
F691.tif,unknown (Bevan All data — stone not tagged),Bevan All data (ImageJ),,,,36463.0,1243.15137,267.0,400.0,,,,,0.29649286,2.35811535,0.42406747,0.57682755,0.4893291172760753,0.9233333333333333,4.14806417824031,1.485795042153491,mushroom
F692.tif,unknown (Bevan All data — stone not tagged),Bevan All data (ImageJ),,,,85459.0,1423.88644,425.0,400.0,,,,,0.52968414,1.11204496,0.89924422,0.78110733,0.9999999146274059,0.9933333333333333,12.175075321793903,2.2363603307645494,mushroom
F693.tif,unknown (Bevan All data — stone not tagged),Bevan All data (ImageJ),,,,60953.0,1290.20519,340.0,400.0,,,,,0.46013723,1.3891537,0.71986275,0.71282138,0.9998720045164542,0.9633333333333334,7.9714029926042445,0.7098810773913031,mushroom
F694.tif,unknown (Bevan All data — stone not tagged),Bevan All data (ImageJ),,,,57055.0,1210.32294,278.0,400.0,,,,,0.48944178,1.87605016,0.53303479,0.76406977,0.12437580095077236,0.4533333333333333,3.032801989096655,1.233698437101607,mushroom
F695.tif,unknown (Bevan All data — stone not tagged),Bevan All data (ImageJ),,,,61462.0,1398.01133,379.0,400.0,,,,,0.3951802,1.39397048,0.71737531,0.66225251,0.9999868612722312,0.97,8.747140733830795,0.777540086989303,mushroom
F697.tif,unknown (Bevan All data — stone not tagged),Bevan All data (ImageJ),,,,49168.0,1184.84986,266.0,400.0,,,,,0.44011459,2.10505795,0.4750463,0.72413438,0.04820909870825883,0.24666666666666667,2.5629205741420455,1.1132019331935994,mushroom
F698.tif,unknown (Bevan All data — stone not tagged),Bevan All data (ImageJ),,,,51472.0,1211.5189,292.0,400.0,,,,,0.44067714,1.8657531,0.5359766,0.70759671,0.5017643329914141,0.6066666666666667,3.785285515119929,1.0569046114968377,mushroom
F699.tif,unknown (Bevan All data — stone not tagged),Bevan All data (ImageJ),,,,60706.0,1260.38896,333.0,400.0,,,,,0.48021122,1.52386744,0.65622506,0.74448437,0.9918029259822838,0.8233333333333334,6.079190264996772,0.834296159207984,mushroom
F700.tif,unknown (Bevan All data — stone not tagged),Bevan All data (ImageJ),,,,38335.0,1136.0803,245.0,400.0,,,,,0.37323922,2.39555486,0.41743982,0.64210579,0.03947847082373099,0.21,2.709168168394076,1.145114943503953,mushroom
F701.tif,unknown (Bevan All data — stone not tagged),Bevan All data (ImageJ),,,,59878.0,1426.97475,377.0,400.0,,,,,0.36952564,1.49071121,0.67082074,0.63842627,0.9999377468903393,0.9966666666666667,7.933493266890324,0.8830602002756088,mushroom
F702.tif,unknown (Bevan All data — stone not tagged),Bevan All data (ImageJ),,,,92073.0,1582.99913,455.0,400.0,,,,,0.46172225,1.0096697,0.99042291,0.74149268,0.9999999999591616,0.9833333333333333,15.557000662924901,3.2095235708523915,mushroom
F703.tif,unknown (Bevan All data — stone not tagged),Bevan All data (ImageJ),,,,43139.0,1191.03362,245.0,400.0,,,,,0.38214827,2.42845789,0.41178396,0.70130461,0.022397769591873378,0.09333333333333334,2.469801181984521,1.1396329144674116,mushroom
F704.tif,unknown (Bevan All data — stone not tagged),Bevan All data (ImageJ),,,,61066.0,1332.87424,371.0,400.0,,,,,0.43194752,1.26428679,0.79095978,0.6831604,0.9999990766967298,0.9833333333333333,10.22611561117656,1.0860066194747333,mushroom
F705.tif,unknown (Bevan All data — stone not tagged),Bevan All data (ImageJ),,,,61009.0,1268.79098,329.0,400.0,,,,,0.47623752,1.4833311,0.67415832,0.74216132,0.9972721380887607,0.9866666666666667,6.584696988740799,0.7733391941494054,mushroom
f706.tif,unknown (Bevan All data — stone not tagged),Bevan All data (ImageJ),,,,38077.0,1050.66609,203.0,400.0,,,,,0.43345414,2.75825291,0.36254834,0.78002663,0.0004159194433153102,0.0,0.9787169919614365,1.5186321596908856,axe
F707.tif,unknown (Bevan All data — stone not tagged),Bevan All data (ImageJ),,,,47654.0,1148.90873,255.0,400.0,,,,,0.45366802,1.85578878,0.53885443,0.72496311,0.4182956710814286,0.7433333333333333,3.657167952312769,1.0816648888899423,mushroom
F719.tif,unknown (Bevan All data — stone not tagged),Bevan All data (ImageJ),,,,45411.0,1275.82042,324.0,400.0,,,,,0.35058379,1.65450977,0.60440864,0.59594879,0.998964426443568,0.8666666666666667,6.652685564453736,1.1002257949016905,mushroom
F720.tif,unknown (Bevan All data — stone not tagged),Bevan All data (ImageJ),,,,75314.0,1492.61436,439.0,400.0,,,,,0.42480571,1.14581628,0.87274026,0.67637484,0.9999999923640276,0.99,12.5828042467648,1.8687681183099754,mushroom
F721-aligned.tif,unknown (Bevan All data — stone not tagged),Bevan All data (ImageJ),,,,84861.0,1334.42049,416.0,400.0,,,,,0.59887007,1.06482472,0.9391217,0.84451831,0.9999998807653072,0.93,12.670999033364588,2.8807460425270968,mushroom
F722.tif,unknown (Bevan All data — stone not tagged),Bevan All data (ImageJ),,,,61249.0,1220.64885,284.0,400.0,,,,,0.51656786,1.84723889,0.5413485,0.81266585,0.07319854011015874,0.44666666666666666,2.877881116464316,1.367976750256741,mushroom
F723-aligned.tif,unknown (Bevan All data — stone not tagged),Bevan All data (ImageJ),,,,42854.0,1413.61941,363.0,400.0,,,,,0.26948601,1.70157038,0.58769241,0.52490461,0.9998780185426638,0.9933333333333333,7.573195959209839,1.6838156597039682,mushroom
F725.tif,unknown (Bevan All data — stone not tagged),Bevan All data (ImageJ),,,,78595.0,1436.89863,410.0,399.0,,,,,0.47835743,1.41565572,0.70638643,0.76302492,0.9994780184066728,0.9633333333333334,7.394751578813467,0.7595289154746634,mushroom
RiCruin1.tif,unknown (Bevan All data — stone not tagged),Bevan All data (ImageJ),,,,62584.0,1277.56053,341.0,400.0,,,,,0.48184816,1.75470519,0.5698963,0.76897747,0.5518653762282667,0.58,3.9647938008021435,1.111900267882224,mushroom
RiCruin2.tif,unknown (Bevan All data — stone not tagged),Bevan All data (ImageJ),,,,62902.0,1247.40115,335.0,400.0,,,,,0.50799804,1.65693313,0.60352466,0.79595581,0.7274768778555161,0.8266666666666667,4.43466902645239,1.1523430603192042,mushroom
RiCruin3.tif,unknown (Bevan All data — stone not tagged),Bevan All data (ImageJ),,,,54806.0,1244.02143,308.0,400.0,,,,,0.44502279,2.05246357,0.48721937,0.73015281,0.07076225755638903,0.29333333333333333,2.7196483450030877,1.120319273057567,mushroom
RiCruin4.tif,unknown (Bevan All data — stone not tagged),Bevan All data (ImageJ),,,,70725.0,1262.3057,324.0,400.0,,,,,0.55776818,1.76766749,0.56571725,0.83778037,0.05598839198542563,0.22,3.00294867657357,1.5915354529541215,mushroom
RiCruin5.tif,unknown (Bevan All data — stone not tagged),Bevan All data (ImageJ),,,,78092.0,1365.60216,390.0,400.0,,,,,0.52622081,1.51548069,0.65985664,0.80357271,0.9637834753962328,0.9733333333333334,5.632953402862045,1.1141643793593494,mushroom
RiCruin6.tif,unknown (Bevan All data — stone not tagged),Bevan All data (ImageJ),,,,60476.0,1300.43059,358.0,400.0,,,,,0.449385,1.58357245,0.63148358,0.72058718,0.9903125957424566,0.89,5.861007159592196,0.7966281584507653,mushroom
